review_id,cluster,Sentiment,region,threshold
bn_0000,1,1,A_organic,0.95
bn_0001,1,1,A_organic,0.95
bn_0002,1,1,A_organic,0.95
bn_0003,0,1,A_organic,0.95
bn_0004,0,1,A_organic,0.95
bn_0005,0,1,A_organic,0.95
bn_0006,1,1,A_organic,0.95
bn_0007,0,1,A_organic,0.95
bn_0008,0,1,A_organic,0.95
bn_0009,0,1,A_organic,0.95
bn_0010,0,1,A_organic,0.95
bn_0011,0,1,A_organic,0.95
bn_0012,0,1,A_organic,0.95
bn_0013,1,1,A_organic,0.95
bn_0014,0,1,A_organic,0.95
bn_0015,0,1,A_organic,0.95
bn_0016,0,1,A_organic,0.95
bn_0017,1,1,A_organic,0.95
bn_0018,0,1,A_organic,0.95
bn_0019,0,1,A_organic,0.95
bn_0020,0,1,A_organic,0.95
bn_0021,0,1,A_organic,0.95
bn_0022,1,1,A_organic,0.95
bn_0023,1,1,A_organic,0.95
bn_0024,0,1,A_organic,0.95
bn_0025,1,1,A_organic,0.95
bn_0026,0,1,A_organic,0.95
bn_0027,0,1,A_organic,0.95
bn_0028,0,1,A_organic,0.95
bn_0029,1,1,A_organic,0.95
bn_0030,0,1,A_organic,0.95
bn_0031,1,1,A_organic,0.95
bn_0032,0,1,A_organic,0.95
bn_0033,1,1,A_organic,0.95
bn_0034,0,1,A_organic,0.95
bn_0035,1,1,A_organic,0.95
bn_0036,1,1,A_organic,0.95
bn_0037,0,1,A_organic,0.95
bn_0038,1,1,A_organic,0.95
bn_0039,0,1,A_organic,0.95
bn_0040,1,1,A_organic,0.95
bn_0041,0,1,A_organic,0.95
bn_0042,1,1,A_organic,0.95
bn_0043,1,1,A_organic,0.95
bn_0044,1,1,A_organic,0.95
bn_0045,0,1,A_organic,0.95
bn_0046,1,1,A_organic,0.95
bn_0047,0,1,A_organic,0.95
bn_0048,1,1,A_organic,0.95
bn_0049,0,1,A_organic,0.95
bn_0050,1,1,A_organic,0.95
bn_0051,0,1,A_organic,0.95
bn_0052,1,1,A_organic,0.95
bn_0053,0,1,A_organic,0.95
bn_0054,0,1,A_organic,0.95
bn_0055,0,1,A_organic,0.95
bn_0056,0,1,A_organic,0.95
bn_0058,0,1,A_organic,0.95
bn_0059,0,1,A_organic,0.95
bn_0060,1,1,A_organic,0.95
bn_0061,0,1,A_organic,0.95
bn_0062,0,1,A_organic,0.95
bn_0063,0,1,A_organic,0.95
bn_0064,2,1,A_organic,0.95
bn_0065,1,1,A_organic,0.95
bn_0066,2,1,A_organic,0.95
bn_0067,0,1,A_organic,0.95
bn_0068,1,1,A_organic,0.95
bn_0069,0,1,A_organic,0.95
bn_0070,0,1,A_organic,0.95
bn_0071,1,1,A_organic,0.95
bn_0072,0,1,A_organic,0.95
bn_0073,1,1,A_organic,0.95
bn_0074,0,1,A_organic,0.95
bn_0075,0,1,A_organic,0.95
bn_0076,0,1,A_organic,0.95
bn_0077,1,1,A_organic,0.95
bn_0078,1,1,A_organic,0.95
bn_0079,1,1,A_organic,0.95
bn_0080,0,1,A_organic,0.95
bn_0081,1,1,A_organic,0.95
bn_0082,1,1,A_organic,0.95
bn_0083,1,1,A_organic,0.95
bn_0084,1,1,A_organic,0.95
bn_0085,1,1,A_organic,0.95
bn_0086,1,1,A_organic,0.95
bn_0087,1,1,A_organic,0.95
bn_0088,1,1,A_organic,0.95
bn_0089,1,1,A_organic,0.95
bn_0090,1,1,A_organic,0.95
bn_0091,1,1,A_organic,0.95
bn_0092,1,1,A_organic,0.95
bn_0093,1,1,A_organic,0.95
bn_0094,1,1,A_organic,0.95
bn_0095,1,1,A_organic,0.95
bn_0096,1,1,A_organic,0.95
bn_0097,1,1,A_organic,0.95
bn_0098,1,1,A_organic,0.95
bn_0099,1,1,A_organic,0.95
bn_0100,1,1,A_organic,0.95
bn_0101,0,1,A_organic,0.95
bn_0102,0,1,A_organic,0.95
bn_0103,0,1,A_organic,0.95
bn_0104,0,1,A_organic,0.95
bn_0105,1,1,A_organic,0.95
bn_0106,0,1,A_organic,0.95
bn_0107,0,1,A_organic,0.95
bn_0108,1,1,A_organic,0.95
bn_0109,0,1,A_organic,0.95
bn_0110,0,1,A_organic,0.95
bn_0111,0,1,A_organic,0.95
bn_0112,0,1,A_organic,0.95
bn_0113,0,1,A_organic,0.95
bn_0114,0,1,A_organic,0.95
bn_0115,0,1,A_organic,0.95
bn_0116,0,1,A_organic,0.95
bn_0117,0,1,A_organic,0.95
bn_0118,2,1,A_organic,0.95
bn_0119,1,1,A_organic,0.95
bn_0120,0,1,A_organic,0.95
bn_0121,1,1,A_organic,0.95
bn_0122,0,1,A_organic,0.95
bn_0123,2,1,A_organic,0.95
bn_0124,1,1,A_organic,0.95
bn_0125,0,1,A_organic,0.95
bn_0126,1,1,A_organic,0.95
bn_0127,1,1,A_organic,0.95
bn_0128,1,1,A_organic,0.95
bn_0129,1,1,A_organic,0.95
bn_0130,1,1,A_organic,0.95
bn_0131,1,1,A_organic,0.95
bn_0132,1,1,A_organic,0.95
bn_0133,1,1,A_organic,0.95
bn_0134,1,1,A_organic,0.95
bn_0135,0,1,A_organic,0.95
bn_0136,1,1,A_organic,0.95
bn_0137,0,1,A_organic,0.95
bn_0138,1,1,A_organic,0.95
bn_0139,1,1,A_organic,0.95
bn_0140,1,1,A_organic,0.95
bn_0141,2,1,A_organic,0.95
bn_0142,1,1,A_organic,0.95
bn_0143,1,1,A_organic,0.95
bn_0144,0,1,A_organic,0.95
bn_0145,0,1,A_organic,0.95
bn_0146,0,1,A_organic,0.95
bn_0147,1,1,A_organic,0.95
bn_0148,1,1,A_organic,0.95
bn_0149,1,1,A_organic,0.95
bn_0151,0,1,A_organic,0.95
bn_0152,1,1,A_organic,0.95
bn_0153,1,1,A_organic,0.95
bn_0154,1,1,A_organic,0.95
bn_0155,0,1,A_organic,0.95
bn_0156,0,1,A_organic,0.95
bn_0157,0,1,A_organic,0.95
bn_0158,1,1,A_organic,0.95
bn_0159,0,1,A_organic,0.95
bn_0160,1,1,A_organic,0.95
bn_0161,1,1,A_organic,0.95
bn_0162,0,1,A_organic,0.95
bn_0163,1,1,A_organic,0.95
bn_0164,0,1,A_organic,0.95
bn_0165,2,1,A_organic,0.95
bn_0166,0,1,A_organic,0.95
bn_0167,0,1,A_organic,0.95
bn_0168,0,1,A_organic,0.95
bn_0169,0,1,A_organic,0.95
bn_0170,0,1,A_organic,0.95
bn_0171,0,1,A_organic,0.95
bn_0172,0,1,A_organic,0.95
bn_0173,1,1,A_organic,0.95
bn_0176,0,1,A_organic,0.95
bn_0179,1,1,A_organic,0.95
bn_0181,0,1,A_organic,0.95
bn_0183,0,1,A_organic,0.95
bn_0184,0,1,A_organic,0.95
bn_0186,0,1,A_organic,0.95
bn_0187,0,1,A_organic,0.95
bn_0188,0,1,A_organic,0.95
bn_0189,1,1,A_organic,0.95
bn_0190,0,1,A_organic,0.95
bn_0191,0,1,A_organic,0.95
bn_0192,0,1,A_organic,0.95
bn_0193,0,1,A_organic,0.95
bn_0194,1,1,A_organic,0.95
bn_0195,1,1,A_organic,0.95
bn_0196,2,1,A_organic,0.95
bn_0197,1,1,A_organic,0.95
bn_0198,1,1,A_organic,0.95
bn_0199,2,1,A_organic,0.95
bn_0200,1,1,A_organic,0.95
bn_0201,1,1,A_organic,0.95
bn_0202,2,1,A_organic,0.95
bn_0203,2,1,A_organic,0.95
bn_0204,2,1,A_organic,0.95
bn_0205,0,1,A_organic,0.95
bn_0206,1,1,A_organic,0.95
bn_0207,2,1,A_organic,0.95
bn_0208,2,1,A_organic,0.95
bn_0209,1,1,A_organic,0.95
bn_0210,2,1,A_organic,0.95
bn_0211,1,1,A_organic,0.95
bn_0212,0,1,A_organic,0.95
bn_0213,0,1,A_organic,0.95
bn_0214,1,1,A_organic,0.95
bn_0215,1,1,A_organic,0.95
bn_0217,2,1,A_organic,0.95
bn_0218,0,1,A_organic,0.95
bn_0219,0,1,A_organic,0.95
bn_0220,0,1,A_organic,0.95
bn_0221,0,1,A_organic,0.95
bn_0222,0,1,A_organic,0.95
bn_0223,0,1,A_organic,0.95
bn_0224,1,1,A_organic,0.95
bn_0225,0,1,A_organic,0.95
bn_0226,2,1,A_organic,0.95
bn_0227,2,1,A_organic,0.95
bn_0228,0,1,A_organic,0.95
bn_0229,1,1,A_organic,0.95
bn_0230,1,1,A_organic,0.95
bn_0231,2,1,A_organic,0.95
bn_0232,0,1,A_organic,0.95
bn_0233,2,1,A_organic,0.95
bn_0234,0,1,A_organic,0.95
bn_0235,1,1,A_organic,0.95
bn_0236,2,1,A_organic,0.95
bn_0237,0,1,A_organic,0.95
bn_0238,1,1,A_organic,0.95
bn_0239,0,1,A_organic,0.95
bn_0240,0,1,A_organic,0.95
bn_0241,0,1,A_organic,0.95
bn_0242,1,1,A_organic,0.95
bn_0243,1,1,A_organic,0.95
bn_0244,0,1,A_organic,0.95
bn_0245,2,1,A_organic,0.95
bn_0246,0,1,A_organic,0.95
bn_0247,0,1,A_organic,0.95
bn_0248,0,1,A_organic,0.95
bn_0249,0,1,A_organic,0.95
bn_0250,0,1,A_organic,0.95
bn_0251,2,1,A_organic,0.95
bn_0252,2,1,A_organic,0.95
bn_0253,2,1,A_organic,0.95
bn_0254,1,1,A_organic,0.95
bn_0255,1,1,A_organic,0.95
bn_0256,1,1,A_organic,0.95
bn_0257,0,1,A_organic,0.95
bn_0258,0,1,A_organic,0.95
bn_0259,1,1,A_organic,0.95
bn_0260,0,1,A_organic,0.95
bn_0261,0,1,A_organic,0.95
bn_0262,0,1,A_organic,0.95
bn_0263,0,1,A_organic,0.95
bn_0264,2,1,A_organic,0.95
bn_0265,0,1,A_organic,0.95
bn_0266,2,1,A_organic,0.95
bn_0267,0,1,A_organic,0.95
bn_0268,2,1,A_organic,0.95
bn_0269,2,1,A_organic,0.95
bn_0270,1,1,A_organic,0.95
bn_0271,0,1,A_organic,0.95
bn_0272,2,1,A_organic,0.95
bn_0273,0,1,A_organic,0.95
bn_0274,1,1,A_organic,0.95
bn_0275,0,1,A_organic,0.95
bn_0276,0,1,A_organic,0.95
bn_0277,2,1,A_organic,0.95
bn_0278,2,1,A_organic,0.95
bn_0279,0,1,A_organic,0.95
bn_0280,0,1,A_organic,0.95
bn_0281,0,1,A_organic,0.95
bn_0282,2,1,A_organic,0.95
bn_0283,0,1,A_organic,0.95
bn_0284,0,1,A_organic,0.95
bn_0285,0,1,A_organic,0.95
bn_0286,1,1,A_organic,0.95
bn_0287,0,1,A_organic,0.95
bn_0288,1,1,A_organic,0.95
bn_0289,0,1,A_organic,0.95
bn_0290,0,1,A_organic,0.95
bn_0292,0,1,A_organic,0.95
bn_0293,0,1,A_organic,0.95
bn_0295,0,1,A_organic,0.95
bn_0296,0,1,A_organic,0.95
bn_0298,1,1,A_organic,0.95
bn_0299,0,1,A_organic,0.95
bn_0300,0,1,A_organic,0.95
bn_0301,1,1,A_organic,0.95
bn_0302,0,1,A_organic,0.95
bn_0303,1,1,A_organic,0.95
bn_0304,2,1,A_organic,0.95
bn_0305,1,1,A_organic,0.95
bn_0306,0,1,A_organic,0.95
bn_0307,1,1,A_organic,0.95
bn_0308,0,1,A_organic,0.95
bn_0309,1,1,A_organic,0.95
bn_0310,0,1,A_organic,0.95
bn_0311,0,1,A_organic,0.95
bn_0312,0,1,A_organic,0.95
bn_0313,2,1,A_organic,0.95
bn_0314,0,1,A_organic,0.95
bn_0315,1,1,A_organic,0.95
bn_0316,1,1,A_organic,0.95
bn_0317,1,1,A_organic,0.95
bn_0318,0,1,A_organic,0.95
bn_0319,0,1,A_organic,0.95
bn_0320,1,1,A_organic,0.95
bn_0321,0,1,A_organic,0.95
bn_0322,2,1,A_organic,0.95
bn_0323,1,1,A_organic,0.95
bn_0324,0,1,A_organic,0.95
bn_0325,0,1,A_organic,0.95
bn_0326,1,1,A_organic,0.95
bn_0327,0,1,A_organic,0.95
bn_0328,0,1,A_organic,0.95
bn_0329,0,1,A_organic,0.95
bn_0330,2,1,A_organic,0.95
bn_0331,0,1,A_organic,0.95
bn_0332,0,1,A_organic,0.95
bn_0333,1,1,A_organic,0.95
bn_0334,1,1,A_organic,0.95
bn_0335,2,1,A_organic,0.95
bn_0336,0,1,A_organic,0.95
bn_0337,1,1,A_organic,0.95
bn_0338,0,1,A_organic,0.95
bn_0339,1,1,A_organic,0.95
bn_0340,1,1,A_organic,0.95
bn_0341,0,1,A_organic,0.95
bn_0342,1,1,A_organic,0.95
bn_0343,0,1,A_organic,0.95
bn_0344,1,1,A_organic,0.95
bn_0345,0,1,A_organic,0.95
bn_0346,0,1,A_organic,0.95
bn_0347,2,1,A_organic,0.95
bn_0348,0,1,A_organic,0.95
bn_0349,0,1,A_organic,0.95
bn_0350,0,1,A_organic,0.95
bn_0351,0,1,A_organic,0.95
bn_0352,0,1,A_organic,0.95
bn_0353,1,1,A_organic,0.95
bn_0354,0,1,A_organic,0.95
bn_0355,0,1,A_organic,0.95
bn_0356,0,1,A_organic,0.95
bn_0357,0,1,A_organic,0.95
bn_0358,2,1,A_organic,0.95
bn_0359,2,1,A_organic,0.95
bn_0360,2,1,A_organic,0.95
bn_0361,2,1,A_organic,0.95
bn_0362,2,1,A_organic,0.95
bn_0363,0,1,A_organic,0.95
bn_0364,1,1,A_organic,0.95
bn_0365,0,1,A_organic,0.95
bn_0366,0,1,A_organic,0.95
bn_0367,0,1,A_organic,0.95
bn_0368,0,1,A_organic,0.95
bn_0369,0,1,A_organic,0.95
bn_0370,0,1,A_organic,0.95
bn_0371,2,1,A_organic,0.95
bn_0372,1,1,A_organic,0.95
bn_0373,1,1,A_organic,0.95
bn_0374,0,1,A_organic,0.95
bn_0375,1,1,A_organic,0.95
bn_0376,1,1,A_organic,0.95
bn_0377,0,1,A_organic,0.95
bn_0378,2,1,A_organic,0.95
bn_0379,0,1,A_organic,0.95
bn_0380,2,1,A_organic,0.95
bn_0381,2,1,A_organic,0.95
bn_0382,0,1,A_organic,0.95
bn_0383,0,1,A_organic,0.95
bn_0384,1,1,A_organic,0.95
bn_0387,0,1,A_organic,0.95
bn_0389,0,1,A_organic,0.95
bn_0390,2,1,A_organic,0.95
bn_0391,0,1,A_organic,0.95
bn_0392,1,1,A_organic,0.95
bn_0393,1,1,A_organic,0.95
bn_0394,1,1,A_organic,0.95
bn_0395,0,1,A_organic,0.95
bn_0396,1,1,A_organic,0.95
bn_0397,0,1,A_organic,0.95
bn_0398,2,1,A_organic,0.95
bn_0399,0,1,A_organic,0.95
bn_0401,1,1,A_organic,0.95
bn_0402,1,1,A_organic,0.95
bn_0403,0,1,A_organic,0.95
bn_0404,1,1,A_organic,0.95
bn_0405,0,1,A_organic,0.95
bn_0406,1,1,A_organic,0.95
bn_0407,0,1,A_organic,0.95
bn_0408,1,1,A_organic,0.95
bn_0409,0,1,A_organic,0.95
bn_0410,1,1,A_organic,0.95
bn_0411,1,1,A_organic,0.95
bn_0412,0,1,A_organic,0.95
bn_0413,0,1,A_organic,0.95
bn_0414,0,1,A_organic,0.95
bn_0415,1,1,A_organic,0.95
bn_0416,0,1,A_organic,0.95
bn_0417,0,1,A_organic,0.95
bn_0418,2,1,A_organic,0.95
bn_0419,0,1,A_organic,0.95
bn_0420,1,1,A_organic,0.95
bn_0421,2,1,A_organic,0.95
bn_0422,0,1,A_organic,0.95
bn_0423,1,1,A_organic,0.95
bn_0424,0,1,A_organic,0.95
bn_0425,0,1,A_organic,0.95
bn_0426,0,1,A_organic,0.95
bn_0427,1,1,A_organic,0.95
bn_0428,1,1,A_organic,0.95
bn_0429,1,1,A_organic,0.95
bn_0430,1,1,A_organic,0.95
bn_0431,1,1,A_organic,0.95
bn_0432,0,1,A_organic,0.95
bn_0433,2,1,A_organic,0.95
bn_0434,1,1,A_organic,0.95
bn_0435,1,1,A_organic,0.95
bn_0436,0,1,A_organic,0.95
bn_0437,1,1,A_organic,0.95
bn_0438,1,1,A_organic,0.95
bn_0439,1,1,A_organic,0.95
bn_0440,1,1,A_organic,0.95
bn_0441,1,1,A_organic,0.95
bn_0442,1,1,A_organic,0.95
bn_0443,1,1,A_organic,0.95
bn_0444,1,1,A_organic,0.95
bn_0445,1,1,A_organic,0.95
bn_0446,1,1,A_organic,0.95
bn_0447,0,1,A_organic,0.95
bn_0448,0,1,A_organic,0.95
bn_0449,1,1,A_organic,0.95
bn_0450,0,1,A_organic,0.95
bn_0451,0,1,A_organic,0.95
bn_0452,1,1,A_organic,0.95
bn_0453,1,1,A_organic,0.95
bn_0454,0,1,A_organic,0.95
bn_0455,1,1,A_organic,0.95
bn_0456,0,1,A_organic,0.95
bn_0457,1,1,A_organic,0.95
bn_0458,1,1,A_organic,0.95
bn_0459,0,1,A_organic,0.95
bn_0460,0,1,A_organic,0.95
bn_0461,0,1,A_organic,0.95
bn_0462,1,1,A_organic,0.95
bn_0463,0,1,A_organic,0.95
bn_0464,0,1,A_organic,0.95
bn_0465,1,1,A_organic,0.95
bn_0466,2,1,A_organic,0.95
bn_0467,1,1,A_organic,0.95
bn_0468,1,1,A_organic,0.95
bn_0469,0,1,A_organic,0.95
bn_0470,1,1,A_organic,0.95
bn_0471,1,1,A_organic,0.95
bn_0472,0,1,A_organic,0.95
bn_0473,1,1,A_organic,0.95
bn_0474,0,1,A_organic,0.95
bn_0475,0,1,A_organic,0.95
bn_0476,0,1,A_organic,0.95
bn_0477,0,1,A_organic,0.95
bn_0478,0,1,A_organic,0.95
bn_0479,1,1,A_organic,0.95
bn_0480,0,1,A_organic,0.95
bn_0481,1,1,A_organic,0.95
bn_0482,0,1,A_organic,0.95
bn_0483,0,1,A_organic,0.95
bn_0484,1,1,A_organic,0.95
bn_0485,0,1,A_organic,0.95
bn_0486,1,1,A_organic,0.95
bn_0487,0,1,A_organic,0.95
bn_0488,0,1,A_organic,0.95
bn_0489,1,1,A_organic,0.95
bn_0490,0,1,A_organic,0.95
bn_0491,0,1,A_organic,0.95
bn_0492,1,1,A_organic,0.95
bn_0493,0,1,A_organic,0.95
bn_0494,0,1,A_organic,0.95
bn_0495,0,1,A_organic,0.95
bn_0496,0,1,A_organic,0.95
bn_0497,1,1,A_organic,0.95
bn_0498,0,1,A_organic,0.95
bn_0499,2,0,A_organic,0.95
bn_0500,2,0,A_organic,0.95
bn_0501,1,0,A_organic,0.95
bn_0502,2,0,A_organic,0.95
bn_0503,1,0,A_organic,0.95
bn_0504,1,0,A_organic,0.95
bn_0505,2,0,A_organic,0.95
bn_0506,2,0,A_organic,0.95
bn_0507,1,0,A_organic,0.95
bn_0508,2,0,A_organic,0.95
bn_0509,2,0,A_organic,0.95
bn_0510,2,0,A_organic,0.95
bn_0511,1,0,A_organic,0.95
bn_0512,1,0,A_organic,0.95
bn_0513,2,0,A_organic,0.95
bn_0514,1,0,A_organic,0.95
bn_0515,2,0,A_organic,0.95
bn_0516,1,0,A_organic,0.95
bn_0517,1,0,A_organic,0.95
bn_0518,1,0,A_organic,0.95
bn_0519,2,0,A_organic,0.95
bn_0520,2,0,A_organic,0.95
bn_0521,1,0,A_organic,0.95
bn_0522,0,0,A_organic,0.95
bn_0523,2,0,A_organic,0.95
bn_0524,1,0,A_organic,0.95
bn_0525,2,0,A_organic,0.95
bn_0526,1,0,A_organic,0.95
bn_0527,2,0,A_organic,0.95
bn_0528,1,0,A_organic,0.95
bn_0529,0,0,A_organic,0.95
bn_0530,1,0,A_organic,0.95
bn_0531,2,0,A_organic,0.95
bn_0533,2,0,A_organic,0.95
bn_0534,2,0,A_organic,0.95
bn_0535,1,0,A_organic,0.95
bn_0536,2,0,A_organic,0.95
bn_0537,2,0,A_organic,0.95
bn_0538,2,0,A_organic,0.95
bn_0539,1,0,A_organic,0.95
bn_0540,1,0,A_organic,0.95
bn_0542,2,0,A_organic,0.95
bn_0543,2,0,A_organic,0.95
bn_0544,2,0,A_organic,0.95
bn_0545,2,0,A_organic,0.95
bn_0546,1,0,A_organic,0.95
bn_0547,2,0,A_organic,0.95
bn_0548,1,0,A_organic,0.95
bn_0549,1,0,A_organic,0.95
bn_0550,1,0,A_organic,0.95
bn_0551,1,0,A_organic,0.95
bn_0552,2,0,A_organic,0.95
bn_0553,2,0,A_organic,0.95
bn_0554,0,0,A_organic,0.95
bn_0555,2,0,A_organic,0.95
bn_0556,2,0,A_organic,0.95
bn_0557,2,0,A_organic,0.95
bn_0558,2,0,A_organic,0.95
bn_0559,2,0,A_organic,0.95
bn_0560,2,0,A_organic,0.95
bn_0561,2,0,A_organic,0.95
bn_0562,1,0,A_organic,0.95
bn_0563,1,0,A_organic,0.95
bn_0564,1,0,A_organic,0.95
bn_0565,2,0,A_organic,0.95
bn_0566,2,0,A_organic,0.95
bn_0567,2,0,A_organic,0.95
bn_0568,1,0,A_organic,0.95
bn_0569,1,0,A_organic,0.95
bn_0570,0,0,A_organic,0.95
bn_0571,1,0,A_organic,0.95
bn_0572,2,0,A_organic,0.95
bn_0573,2,0,A_organic,0.95
bn_0574,2,0,A_organic,0.95
bn_0576,1,0,A_organic,0.95
bn_0577,1,0,A_organic,0.95
bn_0578,1,0,A_organic,0.95
bn_0579,2,0,A_organic,0.95
bn_0580,2,0,A_organic,0.95
bn_0581,1,0,A_organic,0.95
bn_0582,2,0,A_organic,0.95
bn_0583,1,0,A_organic,0.95
bn_0584,2,0,A_organic,0.95
bn_0585,1,0,A_organic,0.95
bn_0586,1,0,A_organic,0.95
bn_0587,0,0,A_organic,0.95
bn_0588,2,0,A_organic,0.95
bn_0589,2,0,A_organic,0.95
bn_0590,2,0,A_organic,0.95
bn_0591,2,0,A_organic,0.95
bn_0592,1,0,A_organic,0.95
bn_0593,1,0,A_organic,0.95
bn_0594,2,0,A_organic,0.95
bn_0595,1,0,A_organic,0.95
bn_0596,2,0,A_organic,0.95
bn_0597,2,0,A_organic,0.95
bn_0598,1,0,A_organic,0.95
bn_0599,2,0,A_organic,0.95
bn_0600,2,0,A_organic,0.95
bn_0601,2,0,A_organic,0.95
bn_0602,1,0,A_organic,0.95
bn_0603,1,0,A_organic,0.95
bn_0604,2,0,A_organic,0.95
bn_0605,2,0,A_organic,0.95
bn_0606,2,0,A_organic,0.95
bn_0607,2,0,A_organic,0.95
bn_0608,1,0,A_organic,0.95
bn_0610,2,0,A_organic,0.95
bn_0611,1,0,A_organic,0.95
bn_0612,2,0,A_organic,0.95
bn_0613,2,0,A_organic,0.95
bn_0614,1,0,A_organic,0.95
bn_0615,2,0,A_organic,0.95
bn_0616,2,0,A_organic,0.95
bn_0617,2,0,A_organic,0.95
bn_0618,0,0,A_organic,0.95
bn_0619,1,0,A_organic,0.95
bn_0621,1,0,A_organic,0.95
bn_0622,1,0,A_organic,0.95
bn_0623,2,0,A_organic,0.95
bn_0624,2,0,A_organic,0.95
bn_0625,2,0,A_organic,0.95
bn_0626,2,0,A_organic,0.95
bn_0627,2,0,A_organic,0.95
bn_0628,2,0,A_organic,0.95
bn_0629,2,0,A_organic,0.95
bn_0631,2,0,A_organic,0.95
bn_0633,2,0,A_organic,0.95
bn_0634,2,0,A_organic,0.95
bn_0635,1,0,A_organic,0.95
bn_0636,2,0,A_organic,0.95
bn_0637,2,0,A_organic,0.95
bn_0638,2,0,A_organic,0.95
bn_0639,2,0,A_organic,0.95
bn_0640,2,0,A_organic,0.95
bn_0641,1,0,A_organic,0.95
bn_0642,2,0,A_organic,0.95
bn_0643,2,0,A_organic,0.95
bn_0644,2,0,A_organic,0.95
bn_0645,1,0,A_organic,0.95
bn_0646,2,0,A_organic,0.95
bn_0648,2,0,A_organic,0.95
bn_0649,2,0,A_organic,0.95
bn_0650,1,0,A_organic,0.95
bn_0651,1,0,A_organic,0.95
bn_0652,2,0,A_organic,0.95
bn_0653,1,0,A_organic,0.95
bn_0654,1,0,A_organic,0.95
bn_0655,2,0,A_organic,0.95
bn_0657,2,0,A_organic,0.95
bn_0658,2,0,A_organic,0.95
bn_0659,1,0,A_organic,0.95
bn_0660,2,0,A_organic,0.95
bn_0661,1,0,A_organic,0.95
bn_0663,1,0,A_organic,0.95
bn_0664,0,0,A_organic,0.95
bn_0665,0,0,A_organic,0.95
bn_0666,1,0,A_organic,0.95
bn_0667,2,0,A_organic,0.95
bn_0668,2,0,A_organic,0.95
bn_0669,2,0,A_organic,0.95
bn_0670,1,0,A_organic,0.95
bn_0671,1,0,A_organic,0.95
bn_0672,2,0,A_organic,0.95
bn_0673,1,0,A_organic,0.95
bn_0674,1,0,A_organic,0.95
bn_0675,2,0,A_organic,0.95
bn_0676,2,0,A_organic,0.95
bn_0677,2,0,A_organic,0.95
bn_0678,0,0,A_organic,0.95
bn_0679,0,0,A_organic,0.95
bn_0680,2,0,A_organic,0.95
bn_0681,1,0,A_organic,0.95
bn_0682,0,0,A_organic,0.95
bn_0683,1,0,A_organic,0.95
bn_0684,2,0,A_organic,0.95
bn_0685,2,0,A_organic,0.95
bn_0686,1,0,A_organic,0.95
bn_0687,1,0,A_organic,0.95
bn_0688,1,0,A_organic,0.95
bn_0689,1,0,A_organic,0.95
bn_0690,1,0,A_organic,0.95
bn_0691,0,0,A_organic,0.95
bn_0692,2,0,A_organic,0.95
bn_0693,2,0,A_organic,0.95
bn_0694,1,0,A_organic,0.95
bn_0695,0,0,A_organic,0.95
bn_0696,0,0,A_organic,0.95
bn_0697,1,0,A_organic,0.95
bn_0698,1,0,A_organic,0.95
bn_0699,2,0,A_organic,0.95
bn_0700,2,0,A_organic,0.95
bn_0701,1,0,A_organic,0.95
bn_0702,2,0,A_organic,0.95
bn_0703,2,0,A_organic,0.95
bn_0704,1,0,A_organic,0.95
bn_0705,1,0,A_organic,0.95
bn_0706,2,0,A_organic,0.95
bn_0707,2,0,A_organic,0.95
bn_0708,1,0,A_organic,0.95
bn_0709,2,0,A_organic,0.95
bn_0710,1,0,A_organic,0.95
bn_0711,1,0,A_organic,0.95
bn_0712,1,0,A_organic,0.95
bn_0713,2,0,A_organic,0.95
bn_0714,0,0,A_organic,0.95
bn_0715,1,0,A_organic,0.95
bn_0716,0,0,A_organic,0.95
bn_0717,2,0,A_organic,0.95
bn_0718,2,0,A_organic,0.95
bn_0719,1,0,A_organic,0.95
bn_0720,2,0,A_organic,0.95
bn_0721,0,0,A_organic,0.95
bn_0722,1,0,A_organic,0.95
bn_0723,2,0,A_organic,0.95
bn_0724,0,0,A_organic,0.95
bn_0725,2,0,A_organic,0.95
bn_0726,2,0,A_organic,0.95
bn_0727,1,0,A_organic,0.95
bn_0728,2,0,A_organic,0.95
bn_0729,2,0,A_organic,0.95
bn_0730,1,0,A_organic,0.95
bn_0731,2,0,A_organic,0.95
bn_0732,2,0,A_organic,0.95
bn_0733,2,0,A_organic,0.95
bn_0734,2,0,A_organic,0.95
bn_0735,1,0,A_organic,0.95
bn_0736,2,0,A_organic,0.95
bn_0737,2,0,A_organic,0.95
bn_0738,1,0,A_organic,0.95
bn_0739,2,0,A_organic,0.95
bn_0740,1,0,A_organic,0.95
bn_0741,1,0,A_organic,0.95
bn_0742,2,0,A_organic,0.95
bn_0743,2,0,A_organic,0.95
bn_0744,1,0,A_organic,0.95
bn_0745,1,0,A_organic,0.95
bn_0746,1,0,A_organic,0.95
bn_0747,1,0,A_organic,0.95
bn_0748,2,0,A_organic,0.95
bn_0749,1,0,A_organic,0.95
bn_0750,1,0,A_organic,0.95
bn_0751,2,0,A_organic,0.95
bn_0752,1,0,A_organic,0.95
bn_0753,1,0,A_organic,0.95
bn_0754,2,0,A_organic,0.95
bn_0755,2,0,A_organic,0.95
bn_0756,2,0,A_organic,0.95
bn_0757,1,0,A_organic,0.95
bn_0758,2,0,A_organic,0.95
bn_0759,0,0,A_organic,0.95
bn_0760,2,0,A_organic,0.95
bn_0761,2,0,A_organic,0.95
bn_0762,2,0,A_organic,0.95
bn_0763,1,0,A_organic,0.95
bn_0764,1,0,A_organic,0.95
bn_0765,2,0,A_organic,0.95
bn_0766,1,0,A_organic,0.95
bn_0767,2,0,A_organic,0.95
bn_0768,2,0,A_organic,0.95
bn_0769,2,0,A_organic,0.95
bn_0770,1,0,A_organic,0.95
bn_0771,1,0,A_organic,0.95
bn_0772,1,0,A_organic,0.95
bn_0773,1,0,A_organic,0.95
bn_0774,2,0,A_organic,0.95
bn_0775,2,0,A_organic,0.95
bn_0776,2,0,A_organic,0.95
bn_0777,1,0,A_organic,0.95
bn_0778,2,0,A_organic,0.95
bn_0779,2,0,A_organic,0.95
bn_0780,2,0,A_organic,0.95
bn_0781,1,0,A_organic,0.95
bn_0782,1,0,A_organic,0.95
bn_0783,1,0,A_organic,0.95
bn_0784,1,0,A_organic,0.95
bn_0785,1,0,A_organic,0.95
bn_0786,2,0,A_organic,0.95
bn_0787,1,0,A_organic,0.95
bn_0788,0,0,A_organic,0.95
bn_0789,1,0,A_organic,0.95
bn_0790,1,0,A_organic,0.95
bn_0791,1,0,A_organic,0.95
bn_0792,2,0,A_organic,0.95
bn_0793,1,0,A_organic,0.95
bn_0794,2,0,A_organic,0.95
bn_0795,1,0,A_organic,0.95
bn_0796,1,0,A_organic,0.95
bn_0797,2,0,A_organic,0.95
bn_0798,1,0,A_organic,0.95
bn_0799,1,0,A_organic,0.95
bn_0800,1,0,A_organic,0.95
bn_0802,1,0,A_organic,0.95
bn_0803,2,0,A_organic,0.95
bn_0804,2,0,A_organic,0.95
bn_0805,2,0,A_organic,0.95
bn_0806,1,0,A_organic,0.95
bn_0807,2,0,A_organic,0.95
bn_0808,1,0,A_organic,0.95
bn_0809,2,0,A_organic,0.95
bn_0810,2,0,A_organic,0.95
bn_0811,2,0,A_organic,0.95
bn_0812,1,0,A_organic,0.95
bn_0813,1,0,A_organic,0.95
bn_0814,1,0,A_organic,0.95
bn_0815,1,0,A_organic,0.95
bn_0816,1,0,A_organic,0.95
bn_0817,1,0,A_organic,0.95
bn_0818,2,0,A_organic,0.95
bn_0819,2,0,A_organic,0.95
bn_0820,1,0,A_organic,0.95
bn_0821,1,0,A_organic,0.95
bn_0822,1,0,A_organic,0.95
bn_0823,1,0,A_organic,0.95
bn_0824,1,0,A_organic,0.95
bn_0826,1,0,A_organic,0.95
bn_0827,2,0,A_organic,0.95
bn_0828,2,0,A_organic,0.95
bn_0829,2,0,A_organic,0.95
bn_0830,2,0,A_organic,0.95
bn_0831,1,0,A_organic,0.95
bn_0832,1,0,A_organic,0.95
bn_0833,1,0,A_organic,0.95
bn_0834,2,0,A_organic,0.95
bn_0835,2,0,A_organic,0.95
bn_0836,2,0,A_organic,0.95
bn_0837,1,0,A_organic,0.95
bn_0838,2,0,A_organic,0.95
bn_0839,2,0,A_organic,0.95
bn_0840,1,0,A_organic,0.95
bn_0841,1,0,A_organic,0.95
bn_0842,1,0,A_organic,0.95
bn_0843,1,0,A_organic,0.95
bn_0844,2,0,A_organic,0.95
bn_0845,1,0,A_organic,0.95
bn_0846,1,0,A_organic,0.95
bn_0847,1,0,A_organic,0.95
bn_0848,1,0,A_organic,0.95
bn_0850,2,0,A_organic,0.95
bn_0851,1,0,A_organic,0.95
bn_0852,1,0,A_organic,0.95
bn_0853,2,0,A_organic,0.95
bn_0854,2,0,A_organic,0.95
bn_0855,2,0,A_organic,0.95
bn_0856,1,0,A_organic,0.95
bn_0857,0,0,A_organic,0.95
bn_0858,1,0,A_organic,0.95
bn_0859,1,0,A_organic,0.95
bn_0860,1,0,A_organic,0.95
bn_0861,1,0,A_organic,0.95
bn_0862,1,0,A_organic,0.95
bn_0863,1,0,A_organic,0.95
bn_0864,2,0,A_organic,0.95
bn_0865,2,0,A_organic,0.95
bn_0866,2,0,A_organic,0.95
bn_0867,2,0,A_organic,0.95
bn_0868,2,0,A_organic,0.95
bn_0869,1,0,A_organic,0.95
bn_0870,2,0,A_organic,0.95
bn_0871,1,0,A_organic,0.95
bn_0872,1,0,A_organic,0.95
bn_0873,1,0,A_organic,0.95
bn_0874,2,0,A_organic,0.95
bn_0875,2,0,A_organic,0.95
bn_0876,1,0,A_organic,0.95
bn_0878,2,0,A_organic,0.95
bn_0879,2,0,A_organic,0.95
bn_0880,2,0,A_organic,0.95
bn_0881,1,0,A_organic,0.95
bn_0882,1,0,A_organic,0.95
bn_0883,0,0,A_organic,0.95
bn_0884,1,0,A_organic,0.95
bn_0885,2,0,A_organic,0.95
bn_0887,2,0,A_organic,0.95
bn_0888,1,0,A_organic,0.95
bn_0889,2,0,A_organic,0.95
bn_0890,2,0,A_organic,0.95
bn_0891,2,0,A_organic,0.95
bn_0892,2,0,A_organic,0.95
bn_0893,2,0,A_organic,0.95
bn_0894,2,0,A_organic,0.95
bn_0896,1,0,A_organic,0.95
bn_0898,2,0,A_organic,0.95
bn_0899,2,0,A_organic,0.95
bn_0900,2,0,A_organic,0.95
bn_0901,1,0,A_organic,0.95
bn_0902,2,0,A_organic,0.95
bn_0903,2,0,A_organic,0.95
bn_0904,2,0,A_organic,0.95
bn_0905,1,0,A_organic,0.95
bn_0907,1,0,A_organic,0.95
bn_0908,1,0,A_organic,0.95
bn_0909,2,0,A_organic,0.95
bn_0911,2,0,A_organic,0.95
bn_0912,1,0,A_organic,0.95
bn_0913,1,0,A_organic,0.95
bn_0914,2,0,A_organic,0.95
bn_0915,2,0,A_organic,0.95
bn_0916,0,0,A_organic,0.95
bn_0917,0,0,A_organic,0.95
bn_0918,1,0,A_organic,0.95
bn_0919,2,0,A_organic,0.95
bn_0920,2,0,A_organic,0.95
bn_0921,1,0,A_organic,0.95
bn_0922,2,0,A_organic,0.95
bn_0923,0,0,A_organic,0.95
bn_0924,2,0,A_organic,0.95
bn_0925,2,0,A_organic,0.95
bn_0926,2,0,A_organic,0.95
bn_0927,1,0,A_organic,0.95
bn_0928,1,0,A_organic,0.95
bn_0929,0,0,A_organic,0.95
bn_0930,2,0,A_organic,0.95
bn_0931,1,0,A_organic,0.95
bn_0932,1,0,A_organic,0.95
bn_0933,2,0,A_organic,0.95
bn_0934,2,0,A_organic,0.95
bn_0935,2,0,A_organic,0.95
bn_0936,2,0,A_organic,0.95
bn_0937,2,0,A_organic,0.95
bn_0938,0,0,A_organic,0.95
bn_0939,2,0,A_organic,0.95
bn_0940,2,0,A_organic,0.95
bn_0941,1,0,A_organic,0.95
bn_0942,2,0,A_organic,0.95
bn_0943,1,0,A_organic,0.95
bn_0944,2,0,A_organic,0.95
bn_0945,2,0,A_organic,0.95
bn_0946,1,0,A_organic,0.95
bn_0947,0,0,A_organic,0.95
bn_0948,2,0,A_organic,0.95
bn_0949,1,0,A_organic,0.95
bn_0950,2,0,A_organic,0.95
bn_0951,2,0,A_organic,0.95
bn_0952,1,0,A_organic,0.95
bn_0953,1,0,A_organic,0.95
bn_0954,1,0,A_organic,0.95
bn_0955,2,0,A_organic,0.95
bn_0956,2,0,A_organic,0.95
bn_0957,2,0,A_organic,0.95
bn_0958,1,0,A_organic,0.95
bn_0959,0,0,A_organic,0.95
bn_0960,2,0,A_organic,0.95
bn_0961,2,0,A_organic,0.95
bn_0962,2,0,A_organic,0.95
bn_0963,2,0,A_organic,0.95
bn_0964,0,0,A_organic,0.95
bn_0965,1,0,A_organic,0.95
bn_0966,2,0,A_organic,0.95
bn_0967,2,0,A_organic,0.95
bn_0968,1,0,A_organic,0.95
bn_0969,2,0,A_organic,0.95
bn_0970,2,0,A_organic,0.95
bn_0971,2,0,A_organic,0.95
bn_0972,2,0,A_organic,0.95
bn_0973,2,0,A_organic,0.95
bn_0974,2,0,A_organic,0.95
bn_0975,2,0,A_organic,0.95
bn_0976,2,0,A_organic,0.95
bn_0978,2,0,A_organic,0.95
bn_0979,2,0,A_organic,0.95
bn_0980,2,0,A_organic,0.95
bn_0981,2,0,A_organic,0.95
bn_0982,2,0,A_organic,0.95
bn_0983,2,0,A_organic,0.95
bn_0984,2,0,A_organic,0.95
bn_0985,0,0,A_organic,0.95
bn_0986,1,0,A_organic,0.95
bn_0987,1,0,A_organic,0.95
bn_0988,1,0,A_organic,0.95
bn_0990,2,0,A_organic,0.95
bn_0991,2,0,A_organic,0.95
bn_0992,2,0,A_organic,0.95
bn_0993,1,0,A_organic,0.95
bn_0994,1,0,A_organic,0.95
bn_0995,1,0,A_organic,0.95
bn_0996,2,0,A_organic,0.95
bn_0997,2,0,A_organic,0.95
bn_0998,1,0,A_organic,0.95
bn_0999,0,1,A_organic,0.95
bn_1000,1,1,A_organic,0.95
bn_1001,0,1,A_organic,0.95
bn_1002,1,1,A_organic,0.95
bn_1003,0,1,A_organic,0.95
bn_1004,0,1,A_organic,0.95
bn_1005,1,1,A_organic,0.95
bn_1006,1,1,A_organic,0.95
bn_1007,1,1,A_organic,0.95
bn_1008,1,1,A_organic,0.95
bn_1009,1,1,A_organic,0.95
bn_1011,0,1,A_organic,0.95
bn_1012,1,1,A_organic,0.95
bn_1013,1,1,A_organic,0.95
bn_1015,0,1,A_organic,0.95
bn_1016,0,1,A_organic,0.95
bn_1017,0,1,A_organic,0.95
bn_1018,0,1,A_organic,0.95
bn_1020,1,1,A_organic,0.95
bn_1021,1,1,A_organic,0.95
bn_1022,1,1,A_organic,0.95
bn_1023,0,1,A_organic,0.95
bn_1024,1,1,A_organic,0.95
bn_1025,0,1,A_organic,0.95
bn_1026,1,1,A_organic,0.95
bn_1027,0,1,A_organic,0.95
bn_1028,1,1,A_organic,0.95
bn_1029,1,1,A_organic,0.95
bn_1030,1,1,A_organic,0.95
bn_1031,0,1,A_organic,0.95
bn_1032,1,1,A_organic,0.95
bn_1033,0,1,A_organic,0.95
bn_1034,0,1,A_organic,0.95
bn_1035,0,1,A_organic,0.95
bn_1036,0,1,A_organic,0.95
bn_1037,1,1,A_organic,0.95
bn_1039,0,1,A_organic,0.95
bn_1040,2,1,A_organic,0.95
bn_1041,1,1,A_organic,0.95
bn_1042,0,1,A_organic,0.95
bn_1043,2,1,A_organic,0.95
bn_1044,0,1,A_organic,0.95
bn_1045,0,1,A_organic,0.95
bn_1046,0,1,A_organic,0.95
bn_1047,0,1,A_organic,0.95
bn_1048,0,1,A_organic,0.95
bn_1049,1,1,A_organic,0.95
bn_1050,0,1,A_organic,0.95
bn_1051,0,1,A_organic,0.95
bn_1052,1,1,A_organic,0.95
bn_1053,2,1,A_organic,0.95
bn_1054,1,1,A_organic,0.95
bn_1055,0,1,A_organic,0.95
bn_1056,0,1,A_organic,0.95
bn_1057,0,1,A_organic,0.95
bn_1058,0,1,A_organic,0.95
bn_1059,0,1,A_organic,0.95
bn_1060,1,1,A_organic,0.95
bn_1061,2,1,A_organic,0.95
bn_1062,1,1,A_organic,0.95
bn_1063,1,1,A_organic,0.95
bn_1064,1,1,A_organic,0.95
bn_1065,1,1,A_organic,0.95
bn_1066,0,1,A_organic,0.95
bn_1067,1,1,A_organic,0.95
bn_1068,1,1,A_organic,0.95
bn_1069,2,1,A_organic,0.95
bn_1070,1,1,A_organic,0.95
bn_1071,1,1,A_organic,0.95
bn_1072,1,1,A_organic,0.95
bn_1073,1,1,A_organic,0.95
bn_1074,1,1,A_organic,0.95
bn_1075,2,1,A_organic,0.95
bn_1076,0,1,A_organic,0.95
bn_1077,1,1,A_organic,0.95
bn_1078,1,1,A_organic,0.95
bn_1079,0,1,A_organic,0.95
bn_1080,1,1,A_organic,0.95
bn_1081,1,1,A_organic,0.95
bn_1082,0,1,A_organic,0.95
bn_1083,2,1,A_organic,0.95
bn_1084,0,1,A_organic,0.95
bn_1085,0,1,A_organic,0.95
bn_1086,0,1,A_organic,0.95
bn_1087,0,1,A_organic,0.95
bn_1088,0,1,A_organic,0.95
bn_1089,0,1,A_organic,0.95
bn_1090,0,1,A_organic,0.95
bn_1091,0,1,A_organic,0.95
bn_1092,0,1,A_organic,0.95
bn_1093,0,1,A_organic,0.95
bn_1094,1,1,A_organic,0.95
bn_1095,1,1,A_organic,0.95
bn_1096,0,1,A_organic,0.95
bn_1097,0,1,A_organic,0.95
bn_1098,2,1,A_organic,0.95
bn_1099,1,1,A_organic,0.95
bn_1100,1,1,A_organic,0.95
bn_1101,1,1,A_organic,0.95
bn_1102,1,1,A_organic,0.95
bn_1103,0,1,A_organic,0.95
bn_1104,1,1,A_organic,0.95
bn_1105,1,1,A_organic,0.95
bn_1106,1,1,A_organic,0.95
bn_1107,1,1,A_organic,0.95
bn_1108,2,1,A_organic,0.95
bn_1109,1,1,A_organic,0.95
bn_1110,0,1,A_organic,0.95
bn_1111,1,1,A_organic,0.95
bn_1112,1,1,A_organic,0.95
bn_1113,0,1,A_organic,0.95
bn_1114,0,1,A_organic,0.95
bn_1115,1,1,A_organic,0.95
bn_1116,0,1,A_organic,0.95
bn_1117,0,1,A_organic,0.95
bn_1118,0,1,A_organic,0.95
bn_1119,2,1,A_organic,0.95
bn_1120,0,1,A_organic,0.95
bn_1121,0,1,A_organic,0.95
bn_1122,0,1,A_organic,0.95
bn_1123,1,1,A_organic,0.95
bn_1124,0,1,A_organic,0.95
bn_1125,1,1,A_organic,0.95
bn_1126,0,1,A_organic,0.95
bn_1127,0,1,A_organic,0.95
bn_1128,1,1,A_organic,0.95
bn_1129,1,1,A_organic,0.95
bn_1130,0,1,A_organic,0.95
bn_1131,0,1,A_organic,0.95
bn_1132,0,1,A_organic,0.95
bn_1133,1,1,A_organic,0.95
bn_1134,0,1,A_organic,0.95
bn_1135,1,1,A_organic,0.95
bn_1136,0,1,A_organic,0.95
bn_1137,0,1,A_organic,0.95
bn_1138,2,1,A_organic,0.95
bn_1140,1,1,A_organic,0.95
bn_1141,1,1,A_organic,0.95
bn_1142,0,1,A_organic,0.95
bn_1143,2,1,A_organic,0.95
bn_1144,0,1,A_organic,0.95
bn_1145,0,1,A_organic,0.95
bn_1146,0,1,A_organic,0.95
bn_1147,0,1,A_organic,0.95
bn_1148,0,1,A_organic,0.95
bn_1149,1,1,A_organic,0.95
bn_1150,0,1,A_organic,0.95
bn_1151,0,1,A_organic,0.95
bn_1152,0,1,A_organic,0.95
bn_1153,0,1,A_organic,0.95
bn_1154,0,1,A_organic,0.95
bn_1155,2,1,A_organic,0.95
bn_1156,0,1,A_organic,0.95
bn_1157,0,1,A_organic,0.95
bn_1158,1,1,A_organic,0.95
bn_1159,0,1,A_organic,0.95
bn_1160,0,1,A_organic,0.95
bn_1161,0,1,A_organic,0.95
bn_1162,0,1,A_organic,0.95
bn_1163,0,1,A_organic,0.95
bn_1164,0,1,A_organic,0.95
bn_1165,0,1,A_organic,0.95
bn_1166,0,1,A_organic,0.95
bn_1167,0,1,A_organic,0.95
bn_1168,0,1,A_organic,0.95
bn_1169,0,1,A_organic,0.95
bn_1170,0,1,A_organic,0.95
bn_1171,1,1,A_organic,0.95
bn_1172,0,1,A_organic,0.95
bn_1173,1,1,A_organic,0.95
bn_1174,1,1,A_organic,0.95
bn_1175,2,1,A_organic,0.95
bn_1176,1,1,A_organic,0.95
bn_1177,0,1,A_organic,0.95
bn_1178,0,1,A_organic,0.95
bn_1179,1,1,A_organic,0.95
bn_1180,0,1,A_organic,0.95
bn_1181,0,1,A_organic,0.95
bn_1182,0,1,A_organic,0.95
bn_1183,0,1,A_organic,0.95
bn_1184,0,1,A_organic,0.95
bn_1185,0,1,A_organic,0.95
bn_1186,0,1,A_organic,0.95
bn_1187,0,1,A_organic,0.95
bn_1188,1,1,A_organic,0.95
bn_1190,1,1,A_organic,0.95
bn_1191,0,1,A_organic,0.95
bn_1192,2,1,A_organic,0.95
bn_1193,2,1,A_organic,0.95
bn_1194,2,1,A_organic,0.95
bn_1195,0,1,A_organic,0.95
bn_1196,2,1,A_organic,0.95
bn_1197,0,1,A_organic,0.95
bn_1198,0,1,A_organic,0.95
bn_1199,1,1,A_organic,0.95
bn_1200,1,1,A_organic,0.95
bn_1201,0,1,A_organic,0.95
bn_1202,0,1,A_organic,0.95
bn_1203,0,1,A_organic,0.95
bn_1204,0,1,A_organic,0.95
bn_1205,2,1,A_organic,0.95
bn_1206,0,1,A_organic,0.95
bn_1207,0,1,A_organic,0.95
bn_1208,0,1,A_organic,0.95
bn_1209,0,1,A_organic,0.95
bn_1210,0,1,A_organic,0.95
bn_1211,0,1,A_organic,0.95
bn_1212,1,1,A_organic,0.95
bn_1213,0,1,A_organic,0.95
bn_1214,0,1,A_organic,0.95
bn_1215,0,1,A_organic,0.95
bn_1216,1,1,A_organic,0.95
bn_1217,1,1,A_organic,0.95
bn_1218,0,1,A_organic,0.95
bn_1219,0,1,A_organic,0.95
bn_1220,0,1,A_organic,0.95
bn_1221,2,1,A_organic,0.95
bn_1222,0,1,A_organic,0.95
bn_1223,0,1,A_organic,0.95
bn_1224,0,1,A_organic,0.95
bn_1225,0,1,A_organic,0.95
bn_1226,0,1,A_organic,0.95
bn_1227,0,1,A_organic,0.95
bn_1228,1,1,A_organic,0.95
bn_1229,0,1,A_organic,0.95
bn_1232,2,1,A_organic,0.95
bn_1233,2,1,A_organic,0.95
bn_1234,2,1,A_organic,0.95
bn_1235,2,1,A_organic,0.95
bn_1236,0,1,A_organic,0.95
bn_1237,0,1,A_organic,0.95
bn_1238,2,1,A_organic,0.95
bn_1239,2,1,A_organic,0.95
bn_1241,2,1,A_organic,0.95
bn_1242,2,1,A_organic,0.95
bn_1243,2,1,A_organic,0.95
bn_1244,2,1,A_organic,0.95
bn_1246,2,1,A_organic,0.95
bn_1249,2,1,A_organic,0.95
bn_1251,1,1,A_organic,0.95
bn_1252,2,1,A_organic,0.95
bn_1253,1,1,A_organic,0.95
bn_1254,2,1,A_organic,0.95
bn_1255,0,1,A_organic,0.95
bn_1256,0,1,A_organic,0.95
bn_1257,1,1,A_organic,0.95
bn_1258,1,1,A_organic,0.95
bn_1259,2,1,A_organic,0.95
bn_1260,0,1,A_organic,0.95
bn_1261,1,1,A_organic,0.95
bn_1262,0,1,A_organic,0.95
bn_1263,1,1,A_organic,0.95
bn_1264,0,1,A_organic,0.95
bn_1265,1,1,A_organic,0.95
bn_1266,0,1,A_organic,0.95
bn_1267,0,1,A_organic,0.95
bn_1268,1,1,A_organic,0.95
bn_1269,1,1,A_organic,0.95
bn_1270,1,1,A_organic,0.95
bn_1271,0,1,A_organic,0.95
bn_1272,1,1,A_organic,0.95
bn_1273,1,1,A_organic,0.95
bn_1274,0,1,A_organic,0.95
bn_1275,1,1,A_organic,0.95
bn_1276,0,1,A_organic,0.95
bn_1277,0,1,A_organic,0.95
bn_1278,1,1,A_organic,0.95
bn_1279,1,1,A_organic,0.95
bn_1280,1,1,A_organic,0.95
bn_1281,1,1,A_organic,0.95
bn_1282,1,1,A_organic,0.95
bn_1283,1,1,A_organic,0.95
bn_1284,1,1,A_organic,0.95
bn_1285,0,1,A_organic,0.95
bn_1286,0,1,A_organic,0.95
bn_1287,0,1,A_organic,0.95
bn_1288,1,1,A_organic,0.95
bn_1289,0,1,A_organic,0.95
bn_1290,0,1,A_organic,0.95
bn_1291,1,1,A_organic,0.95
bn_1292,1,1,A_organic,0.95
bn_1293,1,1,A_organic,0.95
bn_1294,1,1,A_organic,0.95
bn_1295,1,1,A_organic,0.95
bn_1296,1,1,A_organic,0.95
bn_1297,0,1,A_organic,0.95
bn_1298,1,1,A_organic,0.95
bn_1301,1,1,A_organic,0.95
bn_1303,0,1,A_organic,0.95
bn_1304,1,1,A_organic,0.95
bn_1305,0,1,A_organic,0.95
bn_1306,0,1,A_organic,0.95
bn_1307,0,1,A_organic,0.95
bn_1308,2,1,A_organic,0.95
bn_1309,0,1,A_organic,0.95
bn_1310,2,1,A_organic,0.95
bn_1311,2,1,A_organic,0.95
bn_1312,1,1,A_organic,0.95
bn_1313,0,1,A_organic,0.95
bn_1314,2,1,A_organic,0.95
bn_1315,0,1,A_organic,0.95
bn_1316,1,1,A_organic,0.95
bn_1317,0,1,A_organic,0.95
bn_1318,2,1,A_organic,0.95
bn_1319,1,1,A_organic,0.95
bn_1321,0,1,A_organic,0.95
bn_1322,2,1,A_organic,0.95
bn_1323,2,1,A_organic,0.95
bn_1324,0,1,A_organic,0.95
bn_1325,0,1,A_organic,0.95
bn_1326,1,1,A_organic,0.95
bn_1327,1,1,A_organic,0.95
bn_1328,2,1,A_organic,0.95
bn_1329,1,1,A_organic,0.95
bn_1330,0,1,A_organic,0.95
bn_1331,2,1,A_organic,0.95
bn_1332,0,1,A_organic,0.95
bn_1333,2,1,A_organic,0.95
bn_1334,2,1,A_organic,0.95
bn_1335,0,1,A_organic,0.95
bn_1336,1,1,A_organic,0.95
bn_1337,1,1,A_organic,0.95
bn_1338,0,1,A_organic,0.95
bn_1339,1,1,A_organic,0.95
bn_1340,2,1,A_organic,0.95
bn_1341,0,1,A_organic,0.95
bn_1342,2,1,A_organic,0.95
bn_1343,1,1,A_organic,0.95
bn_1344,0,1,A_organic,0.95
bn_1345,1,1,A_organic,0.95
bn_1346,1,1,A_organic,0.95
bn_1347,1,1,A_organic,0.95
bn_1348,1,1,A_organic,0.95
bn_1349,1,1,A_organic,0.95
bn_1350,1,1,A_organic,0.95
bn_1351,1,1,A_organic,0.95
bn_1352,0,1,A_organic,0.95
bn_1353,0,1,A_organic,0.95
bn_1356,0,1,A_organic,0.95
bn_1357,1,1,A_organic,0.95
bn_1358,0,1,A_organic,0.95
bn_1359,0,1,A_organic,0.95
bn_1360,1,1,A_organic,0.95
bn_1361,1,1,A_organic,0.95
bn_1362,1,1,A_organic,0.95
bn_1363,1,1,A_organic,0.95
bn_1364,0,1,A_organic,0.95
bn_1365,1,1,A_organic,0.95
bn_1366,0,1,A_organic,0.95
bn_1367,0,1,A_organic,0.95
bn_1368,1,1,A_organic,0.95
bn_1369,0,1,A_organic,0.95
bn_1370,0,1,A_organic,0.95
bn_1371,0,1,A_organic,0.95
bn_1372,0,1,A_organic,0.95
bn_1373,0,1,A_organic,0.95
bn_1374,1,1,A_organic,0.95
bn_1375,0,1,A_organic,0.95
bn_1376,0,1,A_organic,0.95
bn_1377,2,1,A_organic,0.95
bn_1378,2,1,A_organic,0.95
bn_1379,2,1,A_organic,0.95
bn_1380,1,1,A_organic,0.95
bn_1381,0,1,A_organic,0.95
bn_1382,2,1,A_organic,0.95
bn_1383,0,1,A_organic,0.95
bn_1384,0,1,A_organic,0.95
bn_1385,2,1,A_organic,0.95
bn_1386,0,1,A_organic,0.95
bn_1387,0,1,A_organic,0.95
bn_1388,0,1,A_organic,0.95
bn_1389,1,1,A_organic,0.95
bn_1390,0,1,A_organic,0.95
bn_1391,1,1,A_organic,0.95
bn_1392,2,1,A_organic,0.95
bn_1393,0,1,A_organic,0.95
bn_1395,0,1,A_organic,0.95
bn_1396,0,1,A_organic,0.95
bn_1398,0,1,A_organic,0.95
bn_1399,0,1,A_organic,0.95
bn_1400,1,1,A_organic,0.95
bn_1401,0,1,A_organic,0.95
bn_1402,1,1,A_organic,0.95
bn_1403,0,1,A_organic,0.95
bn_1404,1,1,A_organic,0.95
bn_1405,2,1,A_organic,0.95
bn_1406,1,1,A_organic,0.95
bn_1407,0,1,A_organic,0.95
bn_1408,0,1,A_organic,0.95
bn_1409,1,1,A_organic,0.95
bn_1410,1,1,A_organic,0.95
bn_1411,1,1,A_organic,0.95
bn_1412,1,1,A_organic,0.95
bn_1415,0,1,A_organic,0.95
bn_1416,0,1,A_organic,0.95
bn_1417,0,1,A_organic,0.95
bn_1419,0,1,A_organic,0.95
bn_1420,0,1,A_organic,0.95
bn_1421,0,1,A_organic,0.95
bn_1422,0,1,A_organic,0.95
bn_1423,1,1,A_organic,0.95
bn_1424,2,1,A_organic,0.95
bn_1425,0,1,A_organic,0.95
bn_1426,0,1,A_organic,0.95
bn_1427,0,1,A_organic,0.95
bn_1429,1,1,A_organic,0.95
bn_1430,0,1,A_organic,0.95
bn_1431,0,1,A_organic,0.95
bn_1432,2,1,A_organic,0.95
bn_1433,0,1,A_organic,0.95
bn_1434,1,1,A_organic,0.95
bn_1435,0,1,A_organic,0.95
bn_1436,0,1,A_organic,0.95
bn_1437,0,1,A_organic,0.95
bn_1438,0,1,A_organic,0.95
bn_1439,0,1,A_organic,0.95
bn_1440,0,1,A_organic,0.95
bn_1441,0,1,A_organic,0.95
bn_1442,1,1,A_organic,0.95
bn_1443,0,1,A_organic,0.95
bn_1444,1,1,A_organic,0.95
bn_1445,0,1,A_organic,0.95
bn_1446,1,1,A_organic,0.95
bn_1447,0,1,A_organic,0.95
bn_1448,1,1,A_organic,0.95
bn_1449,0,1,A_organic,0.95
bn_1450,0,1,A_organic,0.95
bn_1451,2,1,A_organic,0.95
bn_1452,0,1,A_organic,0.95
bn_1453,0,1,A_organic,0.95
bn_1455,2,1,A_organic,0.95
bn_1456,2,1,A_organic,0.95
bn_1457,0,1,A_organic,0.95
bn_1458,1,1,A_organic,0.95
bn_1459,0,1,A_organic,0.95
bn_1460,0,1,A_organic,0.95
bn_1461,0,1,A_organic,0.95
bn_1462,1,1,A_organic,0.95
bn_1463,0,1,A_organic,0.95
bn_1464,1,1,A_organic,0.95
bn_1465,0,1,A_organic,0.95
bn_1466,0,1,A_organic,0.95
bn_1467,0,1,A_organic,0.95
bn_1468,0,1,A_organic,0.95
bn_1469,0,1,A_organic,0.95
bn_1470,1,1,A_organic,0.95
bn_1471,0,1,A_organic,0.95
bn_1472,0,1,A_organic,0.95
bn_1473,0,1,A_organic,0.95
bn_1474,0,1,A_organic,0.95
bn_1475,0,1,A_organic,0.95
bn_1476,0,1,A_organic,0.95
bn_1477,1,1,A_organic,0.95
bn_1478,2,1,A_organic,0.95
bn_1479,0,1,A_organic,0.95
bn_1480,2,1,A_organic,0.95
bn_1484,0,1,A_organic,0.95
bn_1485,0,1,A_organic,0.95
bn_1486,0,1,A_organic,0.95
bn_1487,0,1,A_organic,0.95
bn_1488,0,1,A_organic,0.95
bn_1489,0,1,A_organic,0.95
bn_1490,0,1,A_organic,0.95
bn_1491,0,1,A_organic,0.95
bn_1492,1,1,A_organic,0.95
bn_1493,0,1,A_organic,0.95
bn_1494,0,1,A_organic,0.95
bn_1495,0,1,A_organic,0.95
bn_1496,0,1,A_organic,0.95
bn_1497,0,1,A_organic,0.95
bn_1498,0,1,A_organic,0.95
bn_1499,2,0,A_organic,0.95
bn_1500,2,0,A_organic,0.95
bn_1501,0,0,A_organic,0.95
bn_1502,1,0,A_organic,0.95
bn_1503,0,0,A_organic,0.95
bn_1504,1,0,A_organic,0.95
bn_1505,1,0,A_organic,0.95
bn_1506,1,0,A_organic,0.95
bn_1507,2,0,A_organic,0.95
bn_1508,2,0,A_organic,0.95
bn_1509,0,0,A_organic,0.95
bn_1510,1,0,A_organic,0.95
bn_1511,2,0,A_organic,0.95
bn_1512,1,0,A_organic,0.95
bn_1513,2,0,A_organic,0.95
bn_1514,0,0,A_organic,0.95
bn_1515,2,0,A_organic,0.95
bn_1516,0,0,A_organic,0.95
bn_1517,1,0,A_organic,0.95
bn_1519,2,0,A_organic,0.95
bn_1520,0,0,A_organic,0.95
bn_1521,1,0,A_organic,0.95
bn_1522,2,0,A_organic,0.95
bn_1523,1,0,A_organic,0.95
bn_1524,0,0,A_organic,0.95
bn_1525,0,0,A_organic,0.95
bn_1526,0,0,A_organic,0.95
bn_1527,2,0,A_organic,0.95
bn_1528,2,0,A_organic,0.95
bn_1529,2,0,A_organic,0.95
bn_1530,1,0,A_organic,0.95
bn_1531,1,0,A_organic,0.95
bn_1532,2,0,A_organic,0.95
bn_1533,0,0,A_organic,0.95
bn_1534,2,0,A_organic,0.95
bn_1535,2,0,A_organic,0.95
bn_1536,2,0,A_organic,0.95
bn_1538,2,0,A_organic,0.95
bn_1539,2,0,A_organic,0.95
bn_1540,2,0,A_organic,0.95
bn_1541,0,0,A_organic,0.95
bn_1542,2,0,A_organic,0.95
bn_1543,2,0,A_organic,0.95
bn_1544,2,0,A_organic,0.95
bn_1545,1,0,A_organic,0.95
bn_1546,0,0,A_organic,0.95
bn_1547,1,0,A_organic,0.95
bn_1548,2,0,A_organic,0.95
bn_1549,1,0,A_organic,0.95
bn_1550,1,0,A_organic,0.95
bn_1551,2,0,A_organic,0.95
bn_1552,1,0,A_organic,0.95
bn_1553,2,0,A_organic,0.95
bn_1554,2,0,A_organic,0.95
bn_1555,2,0,A_organic,0.95
bn_1556,2,0,A_organic,0.95
bn_1557,2,0,A_organic,0.95
bn_1558,2,0,A_organic,0.95
bn_1559,2,0,A_organic,0.95
bn_1560,1,0,A_organic,0.95
bn_1561,1,0,A_organic,0.95
bn_1562,2,0,A_organic,0.95
bn_1563,0,0,A_organic,0.95
bn_1564,2,0,A_organic,0.95
bn_1565,2,0,A_organic,0.95
bn_1566,1,0,A_organic,0.95
bn_1568,1,0,A_organic,0.95
bn_1569,1,0,A_organic,0.95
bn_1570,1,0,A_organic,0.95
bn_1571,2,0,A_organic,0.95
bn_1572,0,0,A_organic,0.95
bn_1575,2,0,A_organic,0.95
bn_1576,2,0,A_organic,0.95
bn_1578,1,0,A_organic,0.95
bn_1579,2,0,A_organic,0.95
bn_1580,0,0,A_organic,0.95
bn_1581,1,0,A_organic,0.95
bn_1582,1,0,A_organic,0.95
bn_1583,2,0,A_organic,0.95
bn_1585,1,0,A_organic,0.95
bn_1586,2,0,A_organic,0.95
bn_1587,1,0,A_organic,0.95
bn_1588,2,0,A_organic,0.95
bn_1589,1,0,A_organic,0.95
bn_1590,1,0,A_organic,0.95
bn_1591,2,0,A_organic,0.95
bn_1592,2,0,A_organic,0.95
bn_1593,0,0,A_organic,0.95
bn_1594,2,0,A_organic,0.95
bn_1595,2,0,A_organic,0.95
bn_1596,2,0,A_organic,0.95
bn_1597,2,0,A_organic,0.95
bn_1598,1,0,A_organic,0.95
bn_1599,1,0,A_organic,0.95
bn_1600,2,0,A_organic,0.95
bn_1601,0,0,A_organic,0.95
bn_1602,2,0,A_organic,0.95
bn_1603,2,0,A_organic,0.95
bn_1604,2,0,A_organic,0.95
bn_1605,2,0,A_organic,0.95
bn_1606,2,0,A_organic,0.95
bn_1607,1,0,A_organic,0.95
bn_1608,2,0,A_organic,0.95
bn_1609,2,0,A_organic,0.95
bn_1610,2,0,A_organic,0.95
bn_1611,2,0,A_organic,0.95
bn_1612,2,0,A_organic,0.95
bn_1613,2,0,A_organic,0.95
bn_1614,1,0,A_organic,0.95
bn_1616,2,0,A_organic,0.95
bn_1617,2,0,A_organic,0.95
bn_1618,2,0,A_organic,0.95
bn_1619,2,0,A_organic,0.95
bn_1620,2,0,A_organic,0.95
bn_1621,1,0,A_organic,0.95
bn_1622,1,0,A_organic,0.95
bn_1623,2,0,A_organic,0.95
bn_1624,1,0,A_organic,0.95
bn_1625,2,0,A_organic,0.95
bn_1626,2,0,A_organic,0.95
bn_1627,2,0,A_organic,0.95
bn_1629,1,0,A_organic,0.95
bn_1630,0,0,A_organic,0.95
bn_1631,2,0,A_organic,0.95
bn_1633,1,0,A_organic,0.95
bn_1634,2,0,A_organic,0.95
bn_1635,0,0,A_organic,0.95
bn_1636,1,0,A_organic,0.95
bn_1637,1,0,A_organic,0.95
bn_1638,1,0,A_organic,0.95
bn_1639,2,0,A_organic,0.95
bn_1640,1,0,A_organic,0.95
bn_1641,1,0,A_organic,0.95
bn_1643,2,0,A_organic,0.95
bn_1644,2,0,A_organic,0.95
bn_1645,2,0,A_organic,0.95
bn_1647,1,0,A_organic,0.95
bn_1648,0,0,A_organic,0.95
bn_1649,0,0,A_organic,0.95
bn_1650,0,0,A_organic,0.95
bn_1651,1,0,A_organic,0.95
bn_1652,2,0,A_organic,0.95
bn_1653,2,0,A_organic,0.95
bn_1654,1,0,A_organic,0.95
bn_1655,1,0,A_organic,0.95
bn_1656,2,0,A_organic,0.95
bn_1657,1,0,A_organic,0.95
bn_1658,2,0,A_organic,0.95
bn_1659,1,0,A_organic,0.95
bn_1660,2,0,A_organic,0.95
bn_1661,2,0,A_organic,0.95
bn_1662,1,0,A_organic,0.95
bn_1663,1,0,A_organic,0.95
bn_1664,0,0,A_organic,0.95
bn_1665,1,0,A_organic,0.95
bn_1666,1,0,A_organic,0.95
bn_1667,2,0,A_organic,0.95
bn_1668,1,0,A_organic,0.95
bn_1669,1,0,A_organic,0.95
bn_1670,2,0,A_organic,0.95
bn_1671,2,0,A_organic,0.95
bn_1672,2,0,A_organic,0.95
bn_1673,2,0,A_organic,0.95
bn_1674,1,0,A_organic,0.95
bn_1675,1,0,A_organic,0.95
bn_1676,1,0,A_organic,0.95
bn_1677,2,0,A_organic,0.95
bn_1678,2,0,A_organic,0.95
bn_1679,1,0,A_organic,0.95
bn_1680,2,0,A_organic,0.95
bn_1681,2,0,A_organic,0.95
bn_1682,1,0,A_organic,0.95
bn_1683,2,0,A_organic,0.95
bn_1684,2,0,A_organic,0.95
bn_1685,1,0,A_organic,0.95
bn_1686,2,0,A_organic,0.95
bn_1687,1,0,A_organic,0.95
bn_1688,1,0,A_organic,0.95
bn_1689,2,0,A_organic,0.95
bn_1690,2,0,A_organic,0.95
bn_1691,2,0,A_organic,0.95
bn_1692,2,0,A_organic,0.95
bn_1693,2,0,A_organic,0.95
bn_1694,1,0,A_organic,0.95
bn_1695,2,0,A_organic,0.95
bn_1696,2,0,A_organic,0.95
bn_1697,1,0,A_organic,0.95
bn_1698,1,0,A_organic,0.95
bn_1699,2,0,A_organic,0.95
bn_1700,2,0,A_organic,0.95
bn_1701,1,0,A_organic,0.95
bn_1702,1,0,A_organic,0.95
bn_1703,1,0,A_organic,0.95
bn_1704,2,0,A_organic,0.95
bn_1705,1,0,A_organic,0.95
bn_1706,2,0,A_organic,0.95
bn_1707,1,0,A_organic,0.95
bn_1708,2,0,A_organic,0.95
bn_1709,2,0,A_organic,0.95
bn_1710,2,0,A_organic,0.95
bn_1712,2,0,A_organic,0.95
bn_1713,2,0,A_organic,0.95
bn_1714,2,0,A_organic,0.95
bn_1715,2,0,A_organic,0.95
bn_1716,1,0,A_organic,0.95
bn_1717,2,0,A_organic,0.95
bn_1718,1,0,A_organic,0.95
bn_1719,1,0,A_organic,0.95
bn_1720,1,0,A_organic,0.95
bn_1721,2,0,A_organic,0.95
bn_1722,1,0,A_organic,0.95
bn_1723,2,0,A_organic,0.95
bn_1724,1,0,A_organic,0.95
bn_1725,2,0,A_organic,0.95
bn_1727,1,0,A_organic,0.95
bn_1728,2,0,A_organic,0.95
bn_1729,1,0,A_organic,0.95
bn_1730,2,0,A_organic,0.95
bn_1731,2,0,A_organic,0.95
bn_1732,1,0,A_organic,0.95
bn_1733,1,0,A_organic,0.95
bn_1734,2,0,A_organic,0.95
bn_1735,1,0,A_organic,0.95
bn_1736,1,0,A_organic,0.95
bn_1737,2,0,A_organic,0.95
bn_1738,1,0,A_organic,0.95
bn_1739,2,0,A_organic,0.95
bn_1740,1,0,A_organic,0.95
bn_1741,1,0,A_organic,0.95
bn_1743,1,0,A_organic,0.95
bn_1745,2,0,A_organic,0.95
bn_1746,2,0,A_organic,0.95
bn_1747,2,0,A_organic,0.95
bn_1748,1,0,A_organic,0.95
bn_1749,1,0,A_organic,0.95
bn_1750,1,0,A_organic,0.95
bn_1752,1,0,A_organic,0.95
bn_1753,2,0,A_organic,0.95
bn_1754,2,0,A_organic,0.95
bn_1756,1,0,A_organic,0.95
bn_1757,2,0,A_organic,0.95
bn_1758,1,0,A_organic,0.95
bn_1759,1,0,A_organic,0.95
bn_1760,2,0,A_organic,0.95
bn_1761,1,0,A_organic,0.95
bn_1762,2,0,A_organic,0.95
bn_1763,2,0,A_organic,0.95
bn_1764,2,0,A_organic,0.95
bn_1765,1,0,A_organic,0.95
bn_1766,1,0,A_organic,0.95
bn_1767,0,0,A_organic,0.95
bn_1768,1,0,A_organic,0.95
bn_1769,2,0,A_organic,0.95
bn_1770,2,0,A_organic,0.95
bn_1771,1,0,A_organic,0.95
bn_1772,1,0,A_organic,0.95
bn_1773,1,0,A_organic,0.95
bn_1774,1,0,A_organic,0.95
bn_1775,2,0,A_organic,0.95
bn_1776,1,0,A_organic,0.95
bn_1777,2,0,A_organic,0.95
bn_1778,1,0,A_organic,0.95
bn_1779,1,0,A_organic,0.95
bn_1780,1,0,A_organic,0.95
bn_1781,1,0,A_organic,0.95
bn_1782,1,0,A_organic,0.95
bn_1783,1,0,A_organic,0.95
bn_1784,1,0,A_organic,0.95
bn_1785,2,0,A_organic,0.95
bn_1786,2,0,A_organic,0.95
bn_1787,1,0,A_organic,0.95
bn_1788,2,0,A_organic,0.95
bn_1789,2,0,A_organic,0.95
bn_1790,2,0,A_organic,0.95
bn_1791,2,0,A_organic,0.95
bn_1792,2,0,A_organic,0.95
bn_1793,1,0,A_organic,0.95
bn_1794,2,0,A_organic,0.95
bn_1795,2,0,A_organic,0.95
bn_1796,0,0,A_organic,0.95
bn_1797,1,0,A_organic,0.95
bn_1798,2,0,A_organic,0.95
bn_1799,2,0,A_organic,0.95
bn_1800,2,0,A_organic,0.95
bn_1801,1,0,A_organic,0.95
bn_1802,2,0,A_organic,0.95
bn_1803,1,0,A_organic,0.95
bn_1804,2,0,A_organic,0.95
bn_1805,2,0,A_organic,0.95
bn_1806,2,0,A_organic,0.95
bn_1807,2,0,A_organic,0.95
bn_1808,2,0,A_organic,0.95
bn_1809,2,0,A_organic,0.95
bn_1810,2,0,A_organic,0.95
bn_1811,1,0,A_organic,0.95
bn_1812,2,0,A_organic,0.95
bn_1813,2,0,A_organic,0.95
bn_1814,2,0,A_organic,0.95
bn_1815,1,0,A_organic,0.95
bn_1816,1,0,A_organic,0.95
bn_1817,2,0,A_organic,0.95
bn_1818,1,0,A_organic,0.95
bn_1819,1,0,A_organic,0.95
bn_1820,1,0,A_organic,0.95
bn_1821,1,0,A_organic,0.95
bn_1822,2,0,A_organic,0.95
bn_1823,1,0,A_organic,0.95
bn_1824,2,0,A_organic,0.95
bn_1825,1,0,A_organic,0.95
bn_1826,2,0,A_organic,0.95
bn_1827,1,0,A_organic,0.95
bn_1828,2,0,A_organic,0.95
bn_1829,2,0,A_organic,0.95
bn_1830,1,0,A_organic,0.95
bn_1831,2,0,A_organic,0.95
bn_1832,2,0,A_organic,0.95
bn_1833,2,0,A_organic,0.95
bn_1834,1,0,A_organic,0.95
bn_1835,2,0,A_organic,0.95
bn_1836,2,0,A_organic,0.95
bn_1837,2,0,A_organic,0.95
bn_1838,1,0,A_organic,0.95
bn_1839,1,0,A_organic,0.95
bn_1840,2,0,A_organic,0.95
bn_1841,2,0,A_organic,0.95
bn_1843,1,0,A_organic,0.95
bn_1844,2,0,A_organic,0.95
bn_1845,2,0,A_organic,0.95
bn_1846,2,0,A_organic,0.95
bn_1847,1,0,A_organic,0.95
bn_1848,1,0,A_organic,0.95
bn_1849,1,0,A_organic,0.95
bn_1850,1,0,A_organic,0.95
bn_1851,2,0,A_organic,0.95
bn_1852,2,0,A_organic,0.95
bn_1853,1,0,A_organic,0.95
bn_1854,2,0,A_organic,0.95
bn_1855,2,0,A_organic,0.95
bn_1856,1,0,A_organic,0.95
bn_1857,2,0,A_organic,0.95
bn_1858,2,0,A_organic,0.95
bn_1859,1,0,A_organic,0.95
bn_1860,1,0,A_organic,0.95
bn_1861,2,0,A_organic,0.95
bn_1863,2,0,A_organic,0.95
bn_1864,1,0,A_organic,0.95
bn_1865,1,0,A_organic,0.95
bn_1866,1,0,A_organic,0.95
bn_1867,2,0,A_organic,0.95
bn_1868,1,0,A_organic,0.95
bn_1869,2,0,A_organic,0.95
bn_1870,2,0,A_organic,0.95
bn_1871,1,0,A_organic,0.95
bn_1872,2,0,A_organic,0.95
bn_1873,1,0,A_organic,0.95
bn_1874,2,0,A_organic,0.95
bn_1875,2,0,A_organic,0.95
bn_1876,2,0,A_organic,0.95
bn_1877,1,0,A_organic,0.95
bn_1878,1,0,A_organic,0.95
bn_1879,1,0,A_organic,0.95
bn_1880,0,0,A_organic,0.95
bn_1882,1,0,A_organic,0.95
bn_1884,2,0,A_organic,0.95
bn_1885,2,0,A_organic,0.95
bn_1886,0,0,A_organic,0.95
bn_1887,2,0,A_organic,0.95
bn_1888,2,0,A_organic,0.95
bn_1889,1,0,A_organic,0.95
bn_1890,1,0,A_organic,0.95
bn_1891,2,0,A_organic,0.95
bn_1892,2,0,A_organic,0.95
bn_1894,1,0,A_organic,0.95
bn_1895,1,0,A_organic,0.95
bn_1896,2,0,A_organic,0.95
bn_1897,1,0,A_organic,0.95
bn_1898,2,0,A_organic,0.95
bn_1899,1,0,A_organic,0.95
bn_1900,1,0,A_organic,0.95
bn_1901,1,0,A_organic,0.95
bn_1904,1,0,A_organic,0.95
bn_1906,0,0,A_organic,0.95
bn_1907,1,0,A_organic,0.95
bn_1908,1,0,A_organic,0.95
bn_1909,1,0,A_organic,0.95
bn_1910,1,0,A_organic,0.95
bn_1911,2,0,A_organic,0.95
bn_1912,2,0,A_organic,0.95
bn_1913,1,0,A_organic,0.95
bn_1914,2,0,A_organic,0.95
bn_1915,1,0,A_organic,0.95
bn_1916,2,0,A_organic,0.95
bn_1917,1,0,A_organic,0.95
bn_1918,1,0,A_organic,0.95
bn_1919,0,0,A_organic,0.95
bn_1920,2,0,A_organic,0.95
bn_1921,1,0,A_organic,0.95
bn_1922,1,0,A_organic,0.95
bn_1923,1,0,A_organic,0.95
bn_1924,2,0,A_organic,0.95
bn_1925,1,0,A_organic,0.95
bn_1926,2,0,A_organic,0.95
bn_1928,1,0,A_organic,0.95
bn_1929,2,0,A_organic,0.95
bn_1930,1,0,A_organic,0.95
bn_1931,1,0,A_organic,0.95
bn_1932,0,0,A_organic,0.95
bn_1933,1,0,A_organic,0.95
bn_1934,0,0,A_organic,0.95
bn_1935,2,0,A_organic,0.95
bn_1936,1,0,A_organic,0.95
bn_1937,1,0,A_organic,0.95
bn_1938,2,0,A_organic,0.95
bn_1940,1,0,A_organic,0.95
bn_1941,1,0,A_organic,0.95
bn_1942,2,0,A_organic,0.95
bn_1943,2,0,A_organic,0.95
bn_1944,1,0,A_organic,0.95
bn_1945,1,0,A_organic,0.95
bn_1946,1,0,A_organic,0.95
bn_1947,2,0,A_organic,0.95
bn_1948,1,0,A_organic,0.95
bn_1951,1,0,A_organic,0.95
bn_1952,1,0,A_organic,0.95
bn_1954,1,0,A_organic,0.95
bn_1955,1,0,A_organic,0.95
bn_1956,2,0,A_organic,0.95
bn_1957,1,0,A_organic,0.95
bn_1958,1,0,A_organic,0.95
bn_1959,2,0,A_organic,0.95
bn_1960,1,0,A_organic,0.95
bn_1961,2,0,A_organic,0.95
bn_1962,2,0,A_organic,0.95
bn_1963,1,0,A_organic,0.95
bn_1964,2,0,A_organic,0.95
bn_1965,1,0,A_organic,0.95
bn_1966,2,0,A_organic,0.95
bn_1967,1,0,A_organic,0.95
bn_1968,1,0,A_organic,0.95
bn_1969,0,0,A_organic,0.95
bn_1970,2,0,A_organic,0.95
bn_1971,1,0,A_organic,0.95
bn_1972,1,0,A_organic,0.95
bn_1973,1,0,A_organic,0.95
bn_1977,2,0,A_organic,0.95
bn_1978,2,0,A_organic,0.95
bn_1980,2,0,A_organic,0.95
bn_1981,1,0,A_organic,0.95
bn_1982,1,0,A_organic,0.95
bn_1983,2,0,A_organic,0.95
bn_1984,2,0,A_organic,0.95
bn_1985,2,0,A_organic,0.95
bn_1986,0,0,A_organic,0.95
bn_1987,2,0,A_organic,0.95
bn_1988,2,0,A_organic,0.95
bn_1989,2,0,A_organic,0.95
bn_1990,1,0,A_organic,0.95
bn_1991,1,0,A_organic,0.95
bn_1992,2,0,A_organic,0.95
bn_1993,2,0,A_organic,0.95
bn_1994,2,0,A_organic,0.95
bn_1995,2,0,A_organic,0.95
bn_1996,1,0,A_organic,0.95
bn_1997,2,0,A_organic,0.95
bn_1998,2,0,A_organic,0.95
