word,count_c0,count_c1,log_odds_delta,z
মুভি,337,10,2.202922420981755,9.113096141874417
সিনেমা,217,17,1.5368655669813371,6.932888003638848
অনেক,219,27,1.1681440703140433,6.239154146142802
এই,272,48,0.8588355331815762,5.838875166052454
সুন্দর,209,32,0.9814153035059823,5.548681694535867
মুভিটা,105,4,2.0396633135307614,5.055226153695292
একটা,199,35,0.8589835594786264,4.988918390886903
ছবি,232,56,0.5743289392060458,4.045648097674415
ছবিটা,63,2,2.1477333888453307,3.913147092807778
একটি,63,4,1.687801461562044,3.8142458407093334
মুভির,59,1,2.4654399388963153,3.7340029685832814
বাংলা,81,11,1.0796047136965097,3.634518967396238
ছবির,70,9,1.125769057567073,3.4525530396226576
দেখি,52,4,1.5423642043672503,3.384094322965486
সেরা,61,7,1.221056535890515,3.352195852726375
অসাধারণ,169,42,0.5457698628890375,3.3160639104867853
খুব,148,36,0.5648306398613467,3.1867201932281617
দেখা,64,9,1.0489233790005734,3.1797368873024983
মুভি।,35,1,2.2062822886248457,2.911672065641324
ধন্যবাদ,41,4,1.3536117015147289,2.8711521659517802
আমার,128,32,0.5391784077704864,2.857191321798876
সত্যি,47,6,1.1307739974787703,2.8341553353773574
দেখেছি,33,1,2.1728860282637923,2.8288995637040193
সিনেমার,43,5,1.2091936291919536,2.8007076248384495
ছবি।,31,1,2.1364839173241634,2.7427665691509096
বাস্তব,30,2,1.6498455702342438,2.616113476293183
বার,46,7,0.9799480662910334,2.5933271378450864
আজ,29,2,1.6243945664284158,2.5621887911045618
ভাল,32,3,1.3853426429268785,2.5588081967993563
এমন,65,14,0.672792103551,2.4064396797017973
আগের,26,2,1.5410090938348473,2.3908136444423516
সিনেমা।,27,0,3.023670037975995,2.36009188461947
জীবনের,23,1,1.9499971303850403,2.354259226571868
দেখার,48,9,0.7964495795964401,2.3262336295207913
পানি,28,3,1.2763989549691255,2.3150545720102573
দিন,28,3,1.2763989549691255,2.3150545720102573
কত,21,1,1.8891428396848262,2.242324087446763
দেখতে,55,12,0.6608195094926135,2.1845096206033148
জন্য,45,9,0.7387358402765374,2.139485112734577
দেখে,110,32,0.3991103308202364,2.0699721137960547
দেখলাম,59,14,0.5848432208051975,2.064683320964319
।,58,14,0.5692496903423789,2.0049346024762813
শ্রেষ্ঠ,19,0,3.0231667546596546,1.9794819070042609
ছবিটি,26,4,0.9696249312891059,1.9369898720597885
চোখে,19,2,1.290530800963528,1.9157135913095078
পর,32,6,0.795865668066071,1.8979693009015588
দেখলাম।,17,0,3.023040977442659,1.8723245325931521
উপহার,15,1,1.649043092922426,1.848971810395937
প্রিয়,15,1,1.649043092922426,1.848971810395937
মধ্যে,18,2,1.2458624240761047,1.8360687750985027
সিনেমাটা,16,0,3.022978095372795,1.8163838198710751
সামাজিক,15,0,3.022915217661251,1.7586694902195026
ফিল্ম,17,2,1.198206189586652,1.7525226786610508
তাদের,20,3,0.99134712044612,1.7206673563444144
কখনো,13,1,1.5403326009421034,1.6898183955407917
সুন্দর।,13,1,1.5403326009421034,1.6898183955407917
ইতিহাসে,13,0,3.022789475310814,1.6371640916616637
লাগলো,46,12,0.49796687766525416,1.6063707936438774
সময়,12,1,1.4779650367192252,1.6025511075577221
চলচ্চিত্র,12,1,1.4779650367192252,1.6025511075577221
আজকে,12,1,1.4779650367192252,1.6025511075577221
তুলনা,12,0,3.022726610670765,1.5729036686473756
মুভিটি,15,2,1.0923764900333,1.571830230851292
জীবনে,15,2,1.0923764900333,1.571830230851292
প্রতি,18,3,0.8993917203090529,1.5399976085600384
দেখছি,18,3,0.8993917203090529,1.5399976085600384
পুরো,21,4,0.7814534430867841,1.5184946289967982
যে,64,19,0.3793256419722546,1.511468651947563
গুলো,36,9,0.5366231291857106,1.508073412863501
সবচেয়ে,11,0,3.0226637503867293,1.505909292880132
যতবার,11,0,3.0226637503867293,1.505909292880132
মন,47,13,0.44423907489217385,1.4792563051751972
তবে,14,2,1.0332267461069327,1.4735121528546855
এইসব,14,2,1.0332267461069327,1.4735121528546855
চমৎকার,14,2,1.0332267461069327,1.4735121528546855
বাংলাদেশের,44,12,0.457120665518433,1.4653749201958628
ভরে,17,3,0.8490343365403179,1.4430601993102976
মুভিতে,17,3,0.8490343365403179,1.4430601993102976
টি,10,0,3.022600894458127,1.4357983156845695
মত,26,6,0.609156893080641,1.4131942802758555
মনের,10,1,1.3320370307309055,1.407931697793908
পছন্দের,10,1,1.3320370307309055,1.407931697793908
লেগেছে।,10,1,1.3320370307309055,1.407931697793908
মিলে,10,1,1.3320370307309055,1.407931697793908
নাটক,10,1,1.3320370307309055,1.407931697793908
এখনকার,10,1,1.3320370307309055,1.407931697793908
বেস্ট,13,2,0.969089643524347,1.3689025446229173
এসে,13,2,0.969089643524347,1.3689025446229173
লাগে।,9,0,3.0225380428843813,1.362089557755198
মুভিটার,9,0,3.0225380428843813,1.362089557755198
কিন্তু,48,14,0.3953470328897506,1.3557347977684508
আমি,85,28,0.2831063448091662,1.3483314052349642
ভীষণ,16,3,0.7952826567105342,1.3410838320643128
বাংলার,22,5,0.6228667444630451,1.3218287231722612
কতবার,8,0,3.022475195664917,1.28416364850208
শেষের,8,0,3.022475195664917,1.28416364850208
যুগের,8,0,3.022475195664917,1.28416364850208
টাই,8,0,3.022475195664917,1.28416364850208
"ছবি,",12,2,0.899155628298943,1.2570727114421913
যুগ,12,2,0.899155628298943,1.2570727114421913
করেছেন,12,2,0.899155628298943,1.2570727114421913
সেই,27,7,0.5031387953011359,1.240704928842148
বছর,15,3,0.7376950702968736,1.2334920454012477
সত্যিই,21,5,0.580638480563338,1.2244448203399951
চোখের,18,4,0.643066285131912,1.2243249078461955
ছোট,18,4,0.643066285131912,1.2243249078461955
চলচ্চিত্রের,7,0,3.022412352799156,1.2012001246130863
"দেখলাম,",7,0,3.022412352799156,1.2012001246130863
অন্যতম,7,0,3.022412352799156,1.2012001246130863
দেওয়ার,7,0,3.022412352799156,1.2012001246130863
পুরনো,7,0,3.022412352799156,1.2012001246130863
"মুভি,",7,0,3.022412352799156,1.2012001246130863
ধন্যবাদ।,7,0,3.022412352799156,1.2012001246130863
দেখেছিলাম,7,0,3.022412352799156,1.2012001246130863
আশা,7,0,3.022412352799156,1.2012001246130863
সম্পর্ক,7,0,3.022412352799156,1.2012001246130863
আলাদা,7,0,3.022412352799156,1.2012001246130863
জসিম,7,0,3.022412352799156,1.2012001246130863
একেবারে,8,1,1.1468298863202486,1.1766939945805475
বা,8,1,1.1468298863202486,1.1766939945805475
ছিলাম,8,1,1.1468298863202486,1.1766939945805475
এত,45,14,0.33555106365663967,1.1397999772089995
তখন,11,2,0.8224038815251529,1.1368811532199934
ইতিহাসের,11,2,0.8224038815251529,1.1368811532199934
সেটা,11,2,0.8224038815251529,1.1368811532199934
গান,23,6,0.49736662901968565,1.1345064981736195
দারুন,20,5,0.5361812621303148,1.1231259871197814
অসাধারণ।,14,3,0.6757387819171692,1.1196083850435192
বিশেষ,14,3,0.6757387819171692,1.1196083850435192
আসলে,14,3,0.6757387819171692,1.1196083850435192
জল,14,3,0.6757387819171692,1.1196083850435192
পরে,17,4,0.5912701844085326,1.11703333962586
আগ্রহ,6,0,3.0223495142865238,1.1120720978145977
দৃশ্য,6,0,3.0223495142865238,1.1120720978145977
সিনেমাটি,6,0,3.0223495142865238,1.1120720978145977
গিয়ে,6,0,3.0223495142865238,1.1120720978145977
ফিরে,6,0,3.0223495142865238,1.1120720978145977
যিনি,6,0,3.0223495142865238,1.1120720978145977
"অসাধারণ,",7,1,1.0329278922037917,1.0416290640574584
অনেকদিন,7,1,1.0329278922037917,1.0416290640574584
দের,7,1,1.0329278922037917,1.0416290640574584
রাখা,7,1,1.0329278922037917,1.0416290640574584
পরিবারের,7,1,1.0329278922037917,1.0416290640574584
জঘন্য,7,1,1.0329278922037917,1.0416290640574584
দিনের,7,1,1.0329278922037917,1.0416290640574584
ইচ্ছে,7,1,1.0329278922037917,1.0416290640574584
সুপার,7,1,1.0329278922037917,1.0416290640574584
শিক্ষণীয়,5,0,3.0222866801264416,1.0151571838486277
আমাকে,5,0,3.0222866801264416,1.0151571838486277
শিক্ষনীয়,5,0,3.0222866801264416,1.0151571838486277
শিখার,5,0,3.0222866801264416,1.0151571838486277
বুঝা,5,0,3.0222866801264416,1.0151571838486277
হিসাব,5,0,3.0222866801264416,1.0151571838486277
মীর,5,0,3.0222866801264416,1.0151571838486277
জিতের,5,0,3.0222866801264416,1.0151571838486277
ততবারই,5,0,3.0222866801264416,1.0151571838486277
বহু,5,0,3.0222866801264416,1.0151571838486277
পারিবারিক,5,0,3.0222866801264416,1.0151571838486277
ধ্বংস,5,0,3.0222866801264416,1.0151571838486277
মুভিগুলো,5,0,3.0222866801264416,1.0151571838486277
ছোটবেলায়,5,0,3.0222866801264416,1.0151571838486277
দেখবো,5,0,3.0222866801264416,1.0151571838486277
মানুষকে,5,0,3.0222866801264416,1.0151571838486277
মাতৃত্বের,5,0,3.0222866801264416,1.0151571838486277
সমাজ,5,0,3.0222866801264416,1.0151571838486277
দেখছিলাম,5,0,3.0222866801264416,1.0151571838486277
পুরস্কার,5,0,3.0222866801264416,1.0151571838486277
মেয়ে,5,0,3.0222866801264416,1.0151571838486277
উচিত।,5,0,3.0222866801264416,1.0151571838486277
হিট,5,0,3.0222866801264416,1.0151571838486277
দেখছি।,5,0,3.0222866801264416,1.0151571838486277
আসল,5,0,3.0222866801264416,1.0151571838486277
জগতের,5,0,3.0222866801264416,1.0151571838486277
বলছি,5,0,3.0222866801264416,1.0151571838486277
মুভিটা।,5,0,3.0222866801264416,1.0151571838486277
রাখার,5,0,3.0222866801264416,1.0151571838486277
সি,5,0,3.0222866801264416,1.0151571838486277
পড়ে,5,0,3.0222866801264416,1.0151571838486277
এবং,30,9,0.3689317502155198,1.010206716829228
আসলেই,10,2,0.7375219064830123,1.0069056248727124
যত,10,2,0.7375219064830123,1.0069056248727124
যখন,10,2,0.7375219064830123,1.0069056248727124
যায়,16,4,0.5360709117532556,1.004347676492346
কষ্ট,13,3,0.6087628715249069,0.998632893925689
যারা,13,3,0.6087628715249069,0.998632893925689
সাথে,27,8,0.3803501653707091,0.9837002718232405
আবার,35,11,0.32594707174365833,0.9799217988785748
মনে,63,22,0.22829479472632652,0.9551509221495867
সবাই,21,6,0.4137694415658748,0.9316756994360493
প্রথম,18,5,0.4396268762563187,0.9073176161437498
এরা,6,1,0.8989196684391967,0.8886513741979687
আপনি,6,1,0.8989196684391967,0.8886513741979687
টাকা,6,1,0.8989196684391967,0.8886513741979687
আজকাল,6,1,0.8989196684391967,0.8886513741979687
শাহ,6,1,0.8989196684391967,0.8886513741979687
পর্যন্ত,6,1,0.8989196684391967,0.8886513741979687
অসংখ্য,6,1,0.8989196684391967,0.8886513741979687
মিলিয়ে,6,1,0.8989196684391967,0.8886513741979687
থাকুক,6,1,0.8989196684391967,0.8886513741979687
জানি,6,1,0.8989196684391967,0.8886513741979687
প্রতিটা,6,1,0.8989196684391967,0.8886513741979687
করছি,6,1,0.8989196684391967,0.8886513741979687
আলমগীর,6,1,0.8989196684391967,0.8886513741979687
লাগল,6,1,0.8989196684391967,0.8886513741979687
শত,6,1,0.8989196684391967,0.8886513741979687
তামিল,6,1,0.8989196684391967,0.8886513741979687
নতুন,15,4,0.4770283403783768,0.8856967858192374
দারুণ,12,3,0.535960607870722,0.8696116308256738
করি,9,2,0.6427828047141011,0.8653468089991071
দিয়ে,9,2,0.6427828047141011,0.8653468089991071
এখনো,9,2,0.6427828047141011,0.8653468089991071
স্যার,9,2,0.6427828047141011,0.8653468089991071
বানাতে,9,2,0.6427828047141011,0.8653468089991071
সবচেয়ে,9,2,0.6427828047141011,0.8653468089991071
পারি,9,2,0.6427828047141011,0.8653468089991071
এরকম,28,9,0.30496517827509884,0.8265211070205251
তাই,17,5,0.3869523376487507,0.7920362701959219
টা,85,32,0.15810284609087244,0.7883359999363762
রকম,19,6,0.3212259662564785,0.7127283261746362
সৃষ্টি,5,1,0.7373488275951008,0.7118227082549902
এটি,5,1,0.7373488275951008,0.7118227082549902
দুর্দান্ত,5,1,0.7373488275951008,0.7118227082549902
মজা,5,1,0.7373488275951008,0.7118227082549902
দেয়ার,5,1,0.7373488275951008,0.7118227082549902
বেলায়,5,1,0.7373488275951008,0.7118227082549902
বেঁচে,5,1,0.7373488275951008,0.7118227082549902
আম্মাজান,5,1,0.7373488275951008,0.7118227082549902
বিষয়,5,1,0.7373488275951008,0.7118227082549902
আজও,5,1,0.7373488275951008,0.7118227082549902
উঠেছে,5,1,0.7373488275951008,0.7118227082549902
যুগে,5,1,0.7373488275951008,0.7118227082549902
পরিবার,5,1,0.7373488275951008,0.7118227082549902
কলকাতার,5,1,0.7373488275951008,0.7118227082549902
মৌসুমী,5,1,0.7373488275951008,0.7118227082549902
ইলিয়াস,5,1,0.7373488275951008,0.7118227082549902
দেখে।,5,1,0.7373488275951008,0.7118227082549902
শাবানা,8,2,0.5358503504526633,0.7098888554472457
সালমান,8,2,0.5358503504526633,0.7098888554472457
এইরকম,8,2,0.5358503504526633,0.7098888554472457
হয়েছে।,8,2,0.5358503504526633,0.7098888554472457
মান্না,8,2,0.5358503504526633,0.7098888554472457
হলে,34,12,0.21796931604298475,0.6724021079936744
লাগলো।,13,4,0.34517265468856273,0.627748585927801
মা,13,4,0.34517265468856273,0.627748585927801
আমরা,10,3,0.36852121978281627,0.5825941135437067
ছিল।,10,3,0.36852121978281627,0.5825941135437067
সকল,10,3,0.36852121978281627,0.5825941135437067
খুবই,28,10,0.20684075108175115,0.5813969948646843
দেখলে,15,5,0.2709556729680882,0.5443358988879138
মনটা,7,2,0.4134540090507661,0.5374931513545225
গুলি,7,2,0.4134540090507661,0.5374931513545225
"না,",7,2,0.4134540090507661,0.5374931513545225
আনন্দ,7,2,0.4134540090507661,0.5374931513545225
প্রত্যেকটা,7,2,0.4134540090507661,0.5374931513545225
শেখার,7,2,0.4134540090507661,0.5374931513545225
নিয়ে,7,2,0.4134540090507661,0.5374931513545225
ইতিহাস,7,2,0.4134540090507661,0.5374931513545225
ছুঁয়ে,7,2,0.4134540090507661,0.5374931513545225
মিল,7,2,0.4134540090507661,0.5374931513545225
আছে।,7,2,0.4134540090507661,0.5374931513545225
যদিও,4,1,0.5357401394690608,0.5018639815016683
অশ্রু,4,1,0.5357401394690608,0.5018639815016683
পুরোটা,4,1,0.5357401394690608,0.5018639815016683
গেলাম,4,1,0.5357401394690608,0.5018639815016683
ততই,4,1,0.5357401394690608,0.5018639815016683
অজান্তেই,4,1,0.5357401394690608,0.5018639815016683
পাচ্ছি,4,1,0.5357401394690608,0.5018639815016683
মৌসুমি,4,1,0.5357401394690608,0.5018639815016683
পারবে,4,1,0.5357401394690608,0.5018639815016683
কখন,4,1,0.5357401394690608,0.5018639815016683
গানের,4,1,0.5357401394690608,0.5018639815016683
অনুভূতি,4,1,0.5357401394690608,0.5018639815016683
লাগবে,4,1,0.5357401394690608,0.5018639815016683
অনুরোধ,4,1,0.5357401394690608,0.5018639815016683
সারাজীবন,4,1,0.5357401394690608,0.5018639815016683
যাওয়া,4,1,0.5357401394690608,0.5018639815016683
বসে,4,1,0.5357401394690608,0.5018639815016683
ছোট্ট,4,1,0.5357401394690608,0.5018639815016683
শাস্তি,4,1,0.5357401394690608,0.5018639815016683
বাস্তবতার,4,1,0.5357401394690608,0.5018639815016683
হওয়া,4,1,0.5357401394690608,0.5018639815016683
ততোই,4,1,0.5357401394690608,0.5018639815016683
মাস্টওয়াচ,4,1,0.5357401394690608,0.5018639815016683
কেনো,4,1,0.5357401394690608,0.5018639815016683
ধারণা,4,1,0.5357401394690608,0.5018639815016683
গেছে।,4,1,0.5357401394690608,0.5018639815016683
রয়েছে,4,1,0.5357401394690608,0.5018639815016683
ছায়াছবি,4,1,0.5357401394690608,0.5018639815016683
পছন্দ,4,1,0.5357401394690608,0.5018639815016683
মিউজিক,4,1,0.5357401394690608,0.5018639815016683
চলছে,4,1,0.5357401394690608,0.5018639815016683
বাস্তবতা,4,1,0.5357401394690608,0.5018639815016683
জাতীয়,4,1,0.5357401394690608,0.5018639815016683
জগতে,4,1,0.5357401394690608,0.5018639815016683
ঘর,4,1,0.5357401394690608,0.5018639815016683
ধরা,4,1,0.5357401394690608,0.5018639815016683
রাত,4,1,0.5357401394690608,0.5018639815016683
জোসনা,4,1,0.5357401394690608,0.5018639815016683
আপু,4,1,0.5357401394690608,0.5018639815016683
ধরণের,4,1,0.5357401394690608,0.5018639815016683
নিজের,12,4,0.27090826679189295,0.4867836468427162
দেশের,12,4,0.27090826679189295,0.4867836468427162
অসম্ভব,12,4,0.27090826679189295,0.4867836468427162
বেশ,12,4,0.27090826679189295,0.4867836468427162
চলে,22,8,0.18993383433883082,0.47615527726374474
যায়,17,6,0.21774746039356696,0.4749761528326552
কিছু,65,26,0.1009223111188069,0.44913930759093706
সব,48,19,0.11065803437714106,0.42171197269341365
হয়েছে।,9,3,0.2708608773023631,0.42149326036463247
সারা,9,3,0.2708608773023631,0.42149326036463247
ভালোবাসা,9,3,0.2708608773023631,0.42149326036463247
গল্প,36,14,0.12719165129534904,0.4172891037899197
সবার,14,5,0.2066664640222129,0.41076335050099677
আসে,6,2,0.2708135044906328,0.34408761548072037
যায়।,6,2,0.2708135044906328,0.34408761548072037
প্রকাশ,6,2,0.2708135044906328,0.34408761548072037
কতো,6,2,0.2708135044906328,0.34408761548072037
বাংলাদেশে,6,2,0.2708135044906328,0.34408761548072037
যাই,6,2,0.2708135044906328,0.34408761548072037
ছুঁয়ে,6,2,0.2708135044906328,0.34408761548072037
ভুলে,6,2,0.2708135044906328,0.34408761548072037
অতি,6,2,0.2708135044906328,0.34408761548072037
বেদের,6,2,0.2708135044906328,0.34408761548072037
থাকা,6,2,0.2708135044906328,0.34408761548072037
হলেও,6,2,0.2708135044906328,0.34408761548072037
পেলাম,6,2,0.2708135044906328,0.34408761548072037
আসলো,6,2,0.2708135044906328,0.34408761548072037
তে,11,4,0.18980706564081995,0.3364679046374836
চোখ,11,4,0.18980706564081995,0.3364679046374836
আরও,11,4,0.18980706564081995,0.3364679046374836
গেল।,11,4,0.18980706564081995,0.3364679046374836
হয়েছে,18,7,0.12704827932946472,0.2947353508416464
আরো,18,7,0.12704827932946472,0.2947353508416464
গ্রাম,8,3,0.1610134258917828,0.24597586860800225
শিক্ষা,8,3,0.1610134258917828,0.24597586860800225
আগে,15,6,0.10060216686507495,0.21507511516105654
ধরনের,10,4,0.10057026420964021,0.1755524078623487
হতে,10,4,0.10057026420964021,0.1755524078623487
উচিত,10,4,0.10057026420964021,0.1755524078623487
জুটি,10,4,0.10057026420964021,0.1755524078623487
হয়নি,5,2,0.10053838179857344,0.12409494545966909
বাংলায়,5,2,0.10053838179857344,0.12409494545966909
চিত্র,5,2,0.10053838179857344,0.12409494545966909
দেওয়া,5,2,0.10053838179857344,0.12409494545966909
রোমান্টিক,5,2,0.10053838179857344,0.12409494545966909
সম্ভব,5,2,0.10053838179857344,0.12409494545966909
ভুল,5,2,0.10053838179857344,0.12409494545966909
ফেরদৌস,5,2,0.10053838179857344,0.12409494545966909
তাও,5,2,0.10053838179857344,0.12409494545966909
বানায়,5,2,0.10053838179857344,0.12409494545966909
পায়,5,2,0.10053838179857344,0.12409494545966909
তবুও,5,2,0.10053838179857344,0.12409494545966909
সমাজের,5,2,0.10053838179857344,0.12409494545966909
ভালোই,5,2,0.10053838179857344,0.12409494545966909
৷,5,2,0.10053838179857344,0.12409494545966909
রাখতে,12,5,0.06224245058424671,0.12064959195237104
যেমন,14,6,0.035749388594648046,0.07554906256851383
বাংলাদেশ,7,3,0.03573299304716304,0.05339675415535756
সঙ্গে,7,3,0.03573299304716304,0.05339675415535756
তাহলে,7,3,0.03573299304716304,0.05339675415535756
গল্প।,7,3,0.03573299304716304,0.05339675415535756
কার,7,3,0.03573299304716304,0.05339675415535756
তোলা,7,3,0.03573299304716304,0.05339675415535756
মতো,32,14,0.01635213416820136,0.052600756708938906
সময়,18,8,0.0014923077005786212,0.003618909240663724
কাছে,18,8,0.0014923077005786212,0.003618909240663724
লেগেছে,18,8,0.0014923077005786212,0.003618909240663724
দেখবে,9,4,0.001491412161556127,0.0025574196266500196
অপূর্ব,9,4,0.001491412161556127,0.0025574196266500196
কী,11,5,-0.019697644305557205,-0.037616309867533775
যাবে,11,5,-0.019697644305557205,-0.037616309867533775
গেল,22,10,-0.019712261932907538,-0.05323697345744993
হচ্ছে,13,6,-0.03410802413477665,-0.07116163558443132
হয়েছে,13,6,-0.03410802413477665,-0.07116163558443132
নাম,13,6,-0.03410802413477665,-0.07116163558443132
হলো,24,11,-0.027551268426118547,-0.0779262174746526
থাকবে,15,7,-0.044546810663192105,-0.10019186007333765
হয়ে,15,7,-0.044546810663192105,-0.10019186007333765
হয়,15,7,-0.044546810663192105,-0.10019186007333765
মানুষ,28,13,-0.039751393724324124,-0.12195045591430681
ধরে,17,8,-0.052458805733548,-0.12594645008192717
আমাদের,17,8,-0.052458805733548,-0.12594645008192717
বাইরে,4,2,-0.1097033367358744,-0.13026112087313785
হোক,4,2,-0.1097033367358744,-0.13026112087313785
ত,4,2,-0.1097033367358744,-0.13026112087313785
সামনে,4,2,-0.1097033367358744,-0.13026112087313785
করেন,4,2,-0.1097033367358744,-0.13026112087313785
চায়,4,2,-0.1097033367358744,-0.13026112087313785
শাবনুর,4,2,-0.1097033367358744,-0.13026112087313785
কাঞ্চন,4,2,-0.1097033367358744,-0.13026112087313785
গুলোর,4,2,-0.1097033367358744,-0.13026112087313785
হৃদয়,4,2,-0.1097033367358744,-0.13026112087313785
মানেই,4,2,-0.1097033367358744,-0.13026112087313785
লজ্জা,4,2,-0.1097033367358744,-0.13026112087313785
স্টোরি,4,2,-0.1097033367358744,-0.13026112087313785
দিনে,4,2,-0.1097033367358744,-0.13026112087313785
বিশ্বের,4,2,-0.1097033367358744,-0.13026112087313785
বিশ্বাস,4,2,-0.1097033367358744,-0.13026112087313785
যথেষ্ট,4,2,-0.1097033367358744,-0.13026112087313785
উপস্থাপন,4,2,-0.1097033367358744,-0.13026112087313785
সহ,4,2,-0.1097033367358744,-0.13026112087313785
মুগ্ধ,4,2,-0.1097033367358744,-0.13026112087313785
এভাবে,4,2,-0.1097033367358744,-0.13026112087313785
সংসার,4,2,-0.1097033367358744,-0.13026112087313785
গেছি,4,2,-0.1097033367358744,-0.13026112087313785
গানগুলো,4,2,-0.1097033367358744,-0.13026112087313785
মায়ের,4,2,-0.1097033367358744,-0.13026112087313785
তারা,6,3,-0.10971882675195932,-0.1595591661663808
বড়,6,3,-0.10971882675195932,-0.1595591661663808
"গল্প,",6,3,-0.10971882675195932,-0.1595591661663808
থেকেই,6,3,-0.10971882675195932,-0.1595591661663808
যার,6,3,-0.10971882675195932,-0.1595591661663808
নষ্ট,21,10,-0.06366108685709904,-0.17052231191488318
যা,21,10,-0.06366108685709904,-0.17052231191488318
হইছে,8,4,-0.109734321147406,-0.18426907371656817
তুলে,8,4,-0.109734321147406,-0.18426907371656817
তা,10,5,-0.10974981992407162,-0.20604818544090978
হল,12,6,-0.1097653230838187,-0.22574636241989482
হয়ে,26,13,-0.10987396808479222,-0.3326185463494919
কে,47,23,-0.08963542239717093,-0.3623441207829587
গল্পের,7,4,-0.23632734488343932,-0.38698419334584466
এটাই,7,4,-0.23632734488343932,-0.38698419334584466
জীবন,11,6,-0.19222327821305196,-0.3889705339630502
হাজার,13,7,-0.1800067205303284,-0.3943989457112784
অভিনয়ে,5,3,-0.28265634259181116,-0.3970096635652847
সময়ের,5,3,-0.28265634259181116,-0.3970096635652847
বিরক্তিকর,5,3,-0.28265634259181116,-0.3970096635652847
জন্য।,5,3,-0.28265634259181116,-0.3970096635652847
কথায়,5,3,-0.28265634259181116,-0.3970096635652847
শেষে,5,3,-0.28265634259181116,-0.3970096635652847
বউ,5,3,-0.28265634259181116,-0.3970096635652847
এসব,15,8,-0.17095353252644774,-0.4011485413859222
নিয়ে,15,8,-0.17095353252644774,-0.4011485413859222
এটা,57,28,-0.0933109321084622,-0.4159009580056828
থ্রিলার,3,2,-0.3828897585843336,-0.42977375481683877
পারেন,3,2,-0.3828897585843336,-0.42977375481683877
করলাম,3,2,-0.3828897585843336,-0.42977375481683877
মারকা,3,2,-0.3828897585843336,-0.42977375481683877
দা,3,2,-0.3828897585843336,-0.42977375481683877
ওপর,3,2,-0.3828897585843336,-0.42977375481683877
যেনো,3,2,-0.3828897585843336,-0.42977375481683877
দরে,3,2,-0.3828897585843336,-0.42977375481683877
ঘরে,3,2,-0.3828897585843336,-0.42977375481683877
বাচ্চা,3,2,-0.3828897585843336,-0.42977375481683877
ভিডিও,3,2,-0.3828897585843336,-0.42977375481683877
মেরে,3,2,-0.3828897585843336,-0.42977375481683877
রেখে,3,2,-0.3828897585843336,-0.42977375481683877
কারণ,3,2,-0.3828897585843336,-0.42977375481683877
সকলের,3,2,-0.3828897585843336,-0.42977375481683877
তিনি,3,2,-0.3828897585843336,-0.42977375481683877
নিখুঁত,3,2,-0.3828897585843336,-0.42977375481683877
দেখেছি।,3,2,-0.3828897585843336,-0.42977375481683877
আসবে,3,2,-0.3828897585843336,-0.42977375481683877
ফুটিয়ে,3,2,-0.3828897585843336,-0.42977375481683877
ইন্ডিয়া,3,2,-0.3828897585843336,-0.42977375481683877
শাবনূরের,3,2,-0.3828897585843336,-0.42977375481683877
"সুন্দর,",3,2,-0.3828897585843336,-0.42977375481683877
বলি,3,2,-0.3828897585843336,-0.42977375481683877
যাচ্ছে,3,2,-0.3828897585843336,-0.42977375481683877
একশন,3,2,-0.3828897585843336,-0.42977375481683877
দরকার।,3,2,-0.3828897585843336,-0.42977375481683877
হৃদয়,3,2,-0.3828897585843336,-0.42977375481683877
শাবানার,3,2,-0.3828897585843336,-0.42977375481683877
ডিপজলের,3,2,-0.3828897585843336,-0.42977375481683877
বেচে,3,2,-0.3828897585843336,-0.42977375481683877
খারাপ,16,9,-0.2215207740152776,-0.5457703491692105
যেন,14,8,-0.2364522701677947,-0.547567592096686
দিয়ে,20,11,-0.20023313908375773,-0.5477474790964547
এখন,22,12,-0.19237934336715323,-0.5505340178093032
ভাষা,12,7,-0.25601581004506446,-0.5523513618210009
ছবিতে,12,7,-0.25601581004506446,-0.5523513618210009
কেমন,10,6,-0.2827657177313103,-0.5616737086989387
নি,10,6,-0.2827657177313103,-0.5616737086989387
বলবো,8,5,-0.3215659335211507,-0.5783302860575863
অবস্থা,4,3,-0.4952587953395078,-0.6638348686508269
যেটা,4,3,-0.4952587953395078,-0.6638348686508269
দেব,4,3,-0.4952587953395078,-0.6638348686508269
নাই।,4,3,-0.4952587953395078,-0.6638348686508269
হয়না,4,3,-0.4952587953395078,-0.6638348686508269
করেছে।,4,3,-0.4952587953395078,-0.6638348686508269
অহংকার,4,3,-0.4952587953395078,-0.6638348686508269
চেয়ে,4,3,-0.4952587953395078,-0.6638348686508269
দেখলেই,4,3,-0.4952587953395078,-0.6638348686508269
হারিয়ে,4,3,-0.4952587953395078,-0.6638348686508269
এ,25,14,-0.21743482614344067,-0.6687138767802032
শুধু,27,15,-0.20989087922550187,-0.6691934661194193
তার,29,16,-0.2033422308331403,-0.6704646180054574
ছিলো,21,12,-0.2365773282115704,-0.6709852922551457
অসাধারন,17,10,-0.26407418815953676,-0.679846174795666
একদম,15,9,-0.28287517811388696,-0.6881732872358552
একজন,13,8,-0.30692909029714155,-0.7004293792588816
থেকে,53,28,-0.16241064044405462,-0.7142477678755673
যদি,11,7,-0.3388035283009554,-0.7183306476734108
ই,9,6,-0.3830774814935003,-0.7447549380737597
ভাবে,7,5,-0.4488134559871204,-0.7849467424124408
টুইস্ট,7,5,-0.4488134559871204,-0.7849467424124408
মানুষের,16,10,-0.3217693380067912,-0.8183998804678035
বেশি,16,10,-0.3217693380067912,-0.8183998804678035
হবে।,5,4,-0.5569411636423363,-0.8496370122530126
"অভিনয়,",5,4,-0.5569411636423363,-0.8496370122530126
চাই,5,4,-0.5569411636423363,-0.8496370122530126
করলে,5,4,-0.5569411636423363,-0.8496370122530126
বানানো,5,4,-0.5569411636423363,-0.8496370122530126
হয়,37,21,-0.23040800092921643,-0.865621545851112
করা,25,15,-0.28309435500982705,-0.8891162638783162
কাহিনি,19,12,-0.33182549037433695,-0.922564799033766
দরকার,8,6,-0.49543103621898155,-0.9391307713474093
কোথায়,3,3,-0.7701495726932084,-0.9647549437355531
এগুলো,3,3,-0.7701495726932084,-0.9647549437355531
বাকি,3,3,-0.7701495726932084,-0.9647549437355531
সাধারণ,3,3,-0.7701495726932084,-0.9647549437355531
টার,3,3,-0.7701495726932084,-0.9647549437355531
বলব,3,3,-0.7701495726932084,-0.9647549437355531
থাকলে,3,3,-0.7701495726932084,-0.9647549437355531
হাসির,3,3,-0.7701495726932084,-0.9647549437355531
কম,3,3,-0.7701495726932084,-0.9647549437355531
বাপ্পারাজ,3,3,-0.7701495726932084,-0.9647549437355531
দেয়,3,3,-0.7701495726932084,-0.9647549437355531
মিনিট,3,3,-0.7701495726932084,-0.9647549437355531
দিবে,3,3,-0.7701495726932084,-0.9647549437355531
অভিনয়টা,3,3,-0.7701495726932084,-0.9647549437355531
ফুটিয়ে,3,3,-0.7701495726932084,-0.9647549437355531
শিল্পী,3,3,-0.7701495726932084,-0.9647549437355531
আলমের,3,3,-0.7701495726932084,-0.9647549437355531
ছিঃ,3,3,-0.7701495726932084,-0.9647549437355531
বলতে,13,9,-0.41920792243757266,-0.9902547552701199
ফুটে,6,5,-0.5960060142520662,-1.0070877141206351
তৈরি,6,5,-0.5960060142520662,-1.0070877141206351
ছাড়া,6,5,-0.5960060142520662,-1.0070877141206351
কপি,6,5,-0.5960060142520662,-1.0070877141206351
মানের,6,5,-0.5960060142520662,-1.0070877141206351
এক,45,26,-0.2475387225552268,-1.0312015412237434
ছিল,31,19,-0.30350998446581023,-1.0682772977109427
কিভাবে,9,7,-0.5302180636702802,-1.07685760644731
কোনো,29,18,-0.31549999352276803,-1.0781146724763309
গেলো,4,4,-0.7702279204869544,-1.1141163811570678
চলচিত্র,4,4,-0.7702279204869544,-1.1141163811570678
কখনোই,4,4,-0.7702279204869544,-1.1141163811570678
আপনার,4,4,-0.7702279204869544,-1.1141163811570678
"কাহিনী,",4,4,-0.7702279204869544,-1.1141163811570678
নয়,4,4,-0.7702279204869544,-1.1141163811570678
বড়,4,4,-0.7702279204869544,-1.1141163811570678
কেউ,21,14,-0.3834534868303887,-1.1387485889916769
কথা,21,14,-0.3834534868303887,-1.1387485889916769
দুই,7,6,-0.6229961117276828,-1.145634535450389
গল্পটা,7,6,-0.6229961117276828,-1.145634535450389
ভাই,32,20,-0.32217692660370556,-1.158858291260008
হবে,33,21,-0.3393992043424827,-1.2463726742243215
একটু,8,7,-0.6427754299416994,-1.2705377606329833
বাস্তবে,2,3,-1.157331055365221,-1.2990436596409842
বেক্কল,2,3,-1.157331055365221,-1.2990436596409842
অভিনয়।,2,3,-1.157331055365221,-1.2990436596409842
ডিরেক্টর,2,3,-1.157331055365221,-1.2990436596409842
পরিবর্তন,2,3,-1.157331055365221,-1.2990436596409842
মজার,2,3,-1.157331055365221,-1.2990436596409842
নামের,2,3,-1.157331055365221,-1.2990436596409842
ভালো।,2,3,-1.157331055365221,-1.2990436596409842
অভিনয়ের,2,3,-1.157331055365221,-1.2990436596409842
বাবার,2,3,-1.157331055365221,-1.2990436596409842
সুন্দরী,2,3,-1.157331055365221,-1.2990436596409842
দিয়েছে,2,3,-1.157331055365221,-1.2990436596409842
পড়ে,2,3,-1.157331055365221,-1.2990436596409842
সিনামা,2,3,-1.157331055365221,-1.2990436596409842
বাপরে,2,3,-1.157331055365221,-1.2990436596409842
ব্যবহার,2,3,-1.157331055365221,-1.2990436596409842
মোটামুটি,2,3,-1.157331055365221,-1.2990436596409842
তাকে,2,3,-1.157331055365221,-1.2990436596409842
",",16,12,-0.495775884976303,-1.3290559302753187
দিতে,6,6,-0.7703846662490283,-1.3647860091593038
কান্না,14,11,-0.5401607236309935,-1.372091936032257
না।,54,33,-0.3012600210796528,-1.3982603395043676
পাগল,3,4,-1.0451186974800164,-1.400855956107894
বোঝা,3,4,-1.0451186974800164,-1.400855956107894
বলা,3,4,-1.0451186974800164,-1.400855956107894
দেখবেন,3,4,-1.0451186974800164,-1.400855956107894
মাধ্যমে,3,4,-1.0451186974800164,-1.400855956107894
নকল,3,4,-1.0451186974800164,-1.400855956107894
বুঝি,3,4,-1.0451186974800164,-1.400855956107894
বানায়,3,4,-1.0451186974800164,-1.400855956107894
ও,77,45,-0.25906424789844085,-1.4166261353571081
ভালো,206,109,-0.16574142558781624,-1.4377148638727932
অভিনয়,42,27,-0.3493443501837925,-1.4516413429982333
শাবনূর,7,7,-0.770463064228549,-1.4742873875390277
বলার,10,9,-0.6698521623932674,-1.4913231411937362
করেছে,10,9,-0.6698521623932674,-1.4913231411937362
সাউন্ড,0,5,-4.562507585711175,-1.5325026518678189
ফ্লপ,0,5,-4.562507585711175,-1.5325026518678189
মাঝে,8,8,-0.7705414789478588,-1.5762399197306687
শুরু,5,6,-0.944684936639776,-1.5962600555275368
চরিত্র,5,6,-0.944684936639776,-1.5962600555275368
এখানে,5,6,-0.944684936639776,-1.5962600555275368
সবই,2,4,-1.4305958239256285,-1.6986813809469419
বাপ্পি,2,4,-1.4305958239256285,-1.6986813809469419
বাপ্পা,2,4,-1.4305958239256285,-1.6986813809469419
আলম,2,4,-1.4305958239256285,-1.6986813809469419
নায়িকার,2,4,-1.4305958239256285,-1.6986813809469419
ডায়লগ,2,4,-1.4305958239256285,-1.6986813809469419
ছিলো।,2,4,-1.4305958239256285,-1.6986813809469419
চেষ্টা,2,4,-1.4305958239256285,-1.6986813809469419
অভিনেত্রী,2,4,-1.4305958239256285,-1.6986813809469419
বুঝে,2,4,-1.4305958239256285,-1.6986813809469419
একমাত্র,2,4,-1.4305958239256285,-1.6986813809469419
ছেলে,2,4,-1.4305958239256285,-1.6986813809469419
করার,10,10,-0.7706983586282616,-1.7626486010218285
কথায়,10,10,-0.7706983586282616,-1.7626486010218285
বুঝতে,10,10,-0.7706983586282616,-1.7626486010218285
সাকিব,3,5,-1.2577995136622926,-1.766663210783767
এদের,3,5,-1.2577995136622926,-1.766663210783767
পারছি,3,5,-1.2577995136622926,-1.766663210783767
যেতে,3,5,-1.2577995136622926,-1.766663210783767
নয়,3,5,-1.2577995136622926,-1.766663210783767
অনবদ্য।,3,5,-1.2577995136622926,-1.766663210783767
খানের,3,5,-1.2577995136622926,-1.766663210783767
রিয়াজ,3,5,-1.2577995136622926,-1.766663210783767
নেই।,3,5,-1.2577995136622926,-1.766663210783767
পারে,13,12,-0.6942840392749057,-1.7740089323410435
তেমন,13,12,-0.6942840392749057,-1.7740089323410435
কোন,36,26,-0.4604965850582534,-1.8321651376573158
আর,150,86,-0.2421060606573464,-1.8370581699900181
দিক,4,6,-1.1576289885377928,-1.837598094993628
মানে,4,6,-1.1576289885377928,-1.837598094993628
অনবদ্য,8,9,-0.8832590082525584,-1.8594787032226563
অন্য,8,9,-0.8832590082525584,-1.8594787032226563
ঠিক,9,10,-0.8714661062861904,-1.9401856768323515
দক্ষ,1,4,-2.0759609839636726,-1.944692898849512
জাস্ট,1,4,-2.0759609839636726,-1.944692898849512
এক্টিং,1,4,-2.0759609839636726,-1.944692898849512
আটকাতে,1,4,-2.0759609839636726,-1.944692898849512
সংলাপ,1,4,-2.0759609839636726,-1.944692898849512
ব্যাথা,1,4,-2.0759609839636726,-1.944692898849512
এগুলা,6,8,-1.0454951075336547,-1.981823008649868
কেন,10,11,-0.8619396604887433,-2.017913002430098
পরিচালনা,2,5,-1.6409159051733733,-2.0253893698464385
গুলা,2,5,-1.6409159051733733,-2.0253893698464385
রে,2,5,-1.6409159051733733,-2.0253893698464385
অথচ,2,5,-1.6409159051733733,-2.0253893698464385
গেছে,7,9,-1.010864909526095,-2.0530374981542963
হাস্যকর,0,9,-4.563072553669328,-2.0563226627583218
করে,71,47,-0.37825008825816564,-2.0611964748476357
পুরাই,3,6,-1.430815408943431,-2.080770642080769
হিসেবে,3,6,-1.430815408943431,-2.080770642080769
তো,25,21,-0.6046847948097174,-2.0901082627712984
নেই,20,18,-0.6704958754382657,-2.1110761617823495
শেষ,28,23,-0.5834243591816275,-2.121389679029043
সে,8,10,-0.9840479786840977,-2.1230263117504937
এইটা,4,7,-1.3043636365841298,-2.1358853330414314
মাথা,4,7,-1.3043636365841298,-2.1358853330414314
অনন্ত,0,10,-4.563213846598277,-2.1676215232606446
জলিল,0,10,-4.563213846598277,-2.1676215232606446
করতে,21,19,-0.6756175976135825,-2.1827332221867946
বলে,9,11,-0.9626657830883811,-2.191611630592329
হিরো,5,8,-1.2192818271813834,-2.192855443912393
পরিচালক,16,16,-0.771169400007687,-2.2309564178157664
চবি,3,7,-1.576345624195782,-2.3555748506138223
ছুয়ে,3,7,-1.576345624195782,-2.3555748506138223
মেয়ে,1,6,-2.439297252924554,-2.411433337144028
এতো,20,20,-0.7714837633253255,-2.495301885283478
হতো,2,7,-1.953988305877159,-2.5401986901688085
শেষটা,2,7,-1.953988305877159,-2.5401986901688085
শাকিব,7,11,-1.2024363537472897,-2.5494034525109446
অভিনয়ের,1,7,-2.5733838706994527,-2.595061526490736
নায়িকা,1,7,-2.5733838706994527,-2.595061526490736
আছে,28,26,-0.7009937900487637,-2.632722092148776
বুঝলাম,4,9,-1.542339234036012,-2.6447475283830943
বাবা,4,9,-1.542339234036012,-2.6447475283830943
ফালতু,23,23,-0.7717197123286192,-2.6767315527055593
ছাড়া,2,8,-2.076463058027824,-2.750876214593569
নায়ক,1,8,-2.687364274843155,-2.7573447824982935
লাগছে,7,12,-1.2853025504844533,-2.7730264548393655
নাকি,7,12,-1.2853025504844533,-2.7730264548393655
অভিনেতা,7,12,-1.2853025504844533,-2.7730264548393655
করছে,3,9,-1.811630347414221,-2.8191224561926425
কাহিনী,17,20,-0.926992915526907,-2.874982862872687
কাজ,5,11,-1.521385451296097,-2.9053680570201976
লাগে,30,29,-0.7397232894930426,-2.9053910919626516
বাজে,29,29,-0.772192064891092,-3.0075000275217567
নায়িকা,4,11,-1.7308117920333057,-3.068181972157581
নাই,18,22,-0.9636558632698424,-3.102594561958424
এর,53,45,-0.6165691806327214,-3.111966534956019
পারলাম,7,14,-1.4316945350004806,-3.180382557701912
কিছুই,9,16,-1.3202685186802867,-3.252802874314449
খান,5,13,-1.678601845881099,-3.2970669091630698
জয়া,3,13,-2.149846211937189,-3.5266722800360144
নায়ক,16,24,-1.1594201675110778,-3.6808827564117172
হাসি,4,19,-2.2334611865190723,-4.283107867509083
হাসতে,8,24,-1.8134377735904188,-4.608200617698344
কি,89,85,-0.732421501671852,-4.93966091460068
না,144,120,-0.6036734947348252,-4.9971729953651645
অভিনয়,71,87,-0.9720054373278062,-6.218981714487131
