review_id,cluster_k2,Sentiment,region,dist_to_own_centroid,margin,n_words
bn_0000,0,1,A_organic,0.69869447,0.113381326,20
bn_0001,0,1,A_organic,0.62082964,0.15447909,16
bn_0002,0,1,A_organic,0.75082564,0.0941298,28
bn_0003,0,1,A_organic,0.66846055,0.16501945,16
bn_0004,0,1,A_organic,0.6974822,0.13060969,13
bn_0005,0,1,A_organic,0.7194075,0.05269456,4
bn_0006,0,1,A_organic,0.7619946,0.07158291,40
bn_0007,0,1,A_organic,0.74139106,0.12040001,12
bn_0008,0,1,A_organic,0.76857615,0.10873926,16
bn_0009,0,1,A_organic,0.7934128,0.05311382,11
bn_0010,0,1,A_organic,0.6665909,0.17338961,23
bn_0011,0,1,A_organic,0.813022,0.078552425,14
bn_0012,0,1,A_organic,0.8217647,0.006197393,7
bn_0013,0,1,A_organic,0.761728,0.116606295,13
bn_0014,0,1,A_organic,0.66085494,0.10137582,7
bn_0015,0,1,A_organic,0.6727285,0.084593356,6
bn_0016,0,1,A_organic,0.8083833,0.063774645,7
bn_0017,0,1,A_organic,0.77928066,0.05783075,9
bn_0018,0,1,A_organic,0.6657993,0.13983184,19
bn_0019,0,1,A_organic,0.7105167,0.109469,4
bn_0020,0,1,A_organic,0.70488614,0.0778594,10
bn_0021,0,1,A_organic,0.81159055,0.009407163,9
bn_0022,0,1,A_organic,0.8220181,0.05800563,29
bn_0023,0,1,A_organic,0.79497045,0.043777585,6
bn_0024,0,1,A_organic,0.62754333,0.18103278,9
bn_0025,0,1,A_organic,0.7635071,0.08228296,11
bn_0026,0,1,A_organic,0.73797494,0.06922698,10
bn_0027,0,1,A_organic,0.7878657,0.10341287,9
bn_0028,0,1,A_organic,0.73364675,0.086081624,19
bn_0029,0,1,A_organic,0.8120229,0.06547606,34
bn_0030,0,1,A_organic,0.91731226,0.0060122013,16
bn_0031,0,1,A_organic,0.8422277,0.08745235,19
bn_0032,1,1,A_organic,0.9352339,0.03273076,10
bn_0033,0,1,A_organic,0.7585844,0.079716384,5
bn_0034,0,1,A_organic,0.8149879,0.053570867,14
bn_0035,0,1,A_organic,0.7194227,0.08680874,19
bn_0036,0,1,A_organic,0.83904415,0.083813906,24
bn_0037,0,1,A_organic,0.73844945,0.06908989,8
bn_0038,0,1,A_organic,0.7753188,0.09741497,29
bn_0039,0,1,A_organic,0.7935935,0.057867587,26
bn_0040,0,1,A_organic,0.8587739,0.04771936,17
bn_0041,0,1,A_organic,0.7105801,0.11635035,14
bn_0042,0,1,A_organic,0.8232417,0.042453468,11
bn_0043,0,1,A_organic,0.75615036,0.084545314,18
bn_0044,0,1,A_organic,0.7617081,0.11471474,39
bn_0045,0,1,A_organic,0.77622485,0.0788092,10
bn_0046,0,1,A_organic,0.70101994,0.15272236,14
bn_0047,0,1,A_organic,0.6674139,0.18342823,25
bn_0048,0,1,A_organic,0.7373204,0.12172705,32
bn_0049,0,1,A_organic,0.7049179,0.14669943,18
bn_0050,0,1,A_organic,0.8089938,0.038603425,8
bn_0051,0,1,A_organic,0.7631067,0.09105581,24
bn_0052,0,1,A_organic,0.7294894,0.08212906,25
bn_0053,0,1,A_organic,0.73775834,0.07433349,14
bn_0054,0,1,A_organic,0.68022406,0.16359532,43
bn_0055,0,1,A_organic,0.7170276,0.0807966,15
bn_0056,0,1,A_organic,0.64204776,0.14164364,9
bn_0058,0,1,A_organic,0.66435206,0.11077261,9
bn_0059,0,1,A_organic,0.6592255,0.1621474,19
bn_0060,0,1,A_organic,0.81951076,0.09591925,13
bn_0061,0,1,A_organic,0.76257676,0.11422223,11
bn_0062,0,1,A_organic,0.9090426,0.021842778,29
bn_0063,0,1,A_organic,0.70293224,0.058460593,6
bn_0064,1,1,A_organic,1.0082766,0.039471507,17
bn_0065,0,1,A_organic,0.8470891,0.023860276,28
bn_0066,1,1,A_organic,0.8949937,0.07488209,3
bn_0067,0,1,A_organic,0.62468207,0.16469055,10
bn_0068,0,1,A_organic,0.8792027,0.03516859,17
bn_0069,0,1,A_organic,0.7740878,0.08235204,12
bn_0070,0,1,A_organic,0.69291306,0.11215007,9
bn_0071,0,1,A_organic,0.73070157,0.08307266,13
bn_0072,0,1,A_organic,0.78422636,0.0734961,20
bn_0073,0,1,A_organic,0.8064966,0.0578174,25
bn_0074,0,1,A_organic,0.62713355,0.16637594,10
bn_0075,0,1,A_organic,0.6328743,0.18937308,26
bn_0076,0,1,A_organic,0.84863305,0.029941797,15
bn_0077,0,1,A_organic,0.81127954,0.029525578,10
bn_0078,0,1,A_organic,0.86430424,0.037760198,15
bn_0079,0,1,A_organic,0.8559922,0.06748873,19
bn_0080,0,1,A_organic,0.7284805,0.08237326,13
bn_0081,0,1,A_organic,0.7767323,0.08964068,31
bn_0082,0,1,A_organic,0.8438284,0.06735176,9
bn_0083,0,1,A_organic,0.7653111,0.031229734,13
bn_0084,0,1,A_organic,0.78186715,0.10886437,28
bn_0085,0,1,A_organic,0.7424301,0.081201255,6
bn_0086,0,1,A_organic,0.726777,0.1268425,16
bn_0087,1,1,A_organic,0.90953684,0.0066592097,10
bn_0088,0,1,A_organic,0.8457643,0.047385037,16
bn_0089,0,1,A_organic,0.75181603,0.11100376,10
bn_0090,0,1,A_organic,0.7617335,0.060592532,11
bn_0091,0,1,A_organic,0.7857401,0.04747188,26
bn_0092,0,1,A_organic,0.7353684,0.103078485,27
bn_0093,0,1,A_organic,0.77065486,0.052694857,4
bn_0094,0,1,A_organic,0.80305874,0.033957064,14
bn_0095,0,1,A_organic,0.89977044,0.023409009,16
bn_0096,0,1,A_organic,0.8312979,0.046798468,12
bn_0097,0,1,A_organic,0.74339235,0.12180579,17
bn_0098,0,1,A_organic,0.77526057,0.06167549,24
bn_0099,0,1,A_organic,0.7800522,0.06430709,7
bn_0100,0,1,A_organic,0.7366011,0.063920796,11
bn_0101,0,1,A_organic,0.7185042,0.13633949,10
bn_0102,0,1,A_organic,0.8151483,0.06755549,10
bn_0103,0,1,A_organic,0.68690395,0.15018147,19
bn_0104,0,1,A_organic,0.63721865,0.15114027,9
bn_0105,0,1,A_organic,0.7410815,0.08003312,20
bn_0106,0,1,A_organic,0.76374006,0.10832703,15
bn_0107,0,1,A_organic,0.8381044,0.01907891,4
bn_0108,0,1,A_organic,0.6776201,0.11816597,7
bn_0109,0,1,A_organic,0.73661065,0.09187955,16
bn_0110,0,1,A_organic,0.8282034,0.021101058,8
bn_0111,0,1,A_organic,0.8674363,0.009206831,6
bn_0112,0,1,A_organic,0.7152226,0.123429775,8
bn_0113,0,1,A_organic,0.8012939,0.017047405,30
bn_0114,0,1,A_organic,0.762792,0.051380694,17
bn_0115,0,1,A_organic,0.75216246,0.050953925,5
bn_0116,0,1,A_organic,0.81941634,0.038818598,20
bn_0117,0,1,A_organic,0.75050026,0.08240628,28
bn_0118,1,1,A_organic,0.90718883,0.0056281686,11
bn_0119,0,1,A_organic,0.7955816,0.070862114,27
bn_0120,0,1,A_organic,0.6978272,0.15348184,12
bn_0121,0,1,A_organic,0.8399514,0.022525728,22
bn_0122,0,1,A_organic,0.77710915,0.050606728,7
bn_0123,1,1,A_organic,0.9489154,0.020935416,12
bn_0124,0,1,A_organic,0.80555886,0.032926798,8
bn_0125,0,1,A_organic,0.7678785,0.07618135,14
bn_0126,0,1,A_organic,0.7614751,0.08051181,11
bn_0127,0,1,A_organic,0.82154346,0.035428464,31
bn_0128,0,1,A_organic,0.84117186,0.04441464,12
bn_0129,0,1,A_organic,0.81448776,0.057492137,16
bn_0130,0,1,A_organic,0.8701613,0.041239023,34
bn_0131,0,1,A_organic,0.6971975,0.11569911,13
bn_0132,0,1,A_organic,0.7962569,0.051270664,15
bn_0133,1,1,A_organic,0.90849644,0.017394304,17
bn_0134,0,1,A_organic,0.9002767,0.0019908547,13
bn_0135,1,1,A_organic,0.8403534,0.0002220273,21
bn_0136,0,1,A_organic,0.8290569,0.026933908,33
bn_0137,0,1,A_organic,0.93699694,0.007740557,10
bn_0138,0,1,A_organic,0.75346,0.116384506,28
bn_0139,0,1,A_organic,0.8111629,0.04965496,34
bn_0140,0,1,A_organic,0.74197716,0.09017956,21
bn_0141,1,1,A_organic,0.9762635,0.048049092,11
bn_0142,0,1,A_organic,0.7603498,0.08554149,6
bn_0143,1,1,A_organic,0.809123,0.009681463,14
bn_0144,0,1,A_organic,0.7978887,0.049308836,17
bn_0145,0,1,A_organic,0.77856493,0.12006736,16
bn_0146,0,1,A_organic,0.7742566,0.07675713,22
bn_0147,0,1,A_organic,0.7813152,0.07294923,6
bn_0148,0,1,A_organic,0.79687905,0.07388514,10
bn_0149,0,1,A_organic,0.80649537,0.06465989,13
bn_0151,0,1,A_organic,0.6146782,0.17640036,4
bn_0152,0,1,A_organic,0.8123805,0.035466373,10
bn_0153,0,1,A_organic,0.7503908,0.082136214,12
bn_0154,0,1,A_organic,0.85625,0.028985202,7
bn_0155,0,1,A_organic,0.9126257,0.0015512705,3
bn_0156,0,1,A_organic,0.90163666,0.019867003,11
bn_0157,0,1,A_organic,0.72300744,0.08145279,10
bn_0158,0,1,A_organic,0.7461055,0.06588048,10
bn_0159,0,1,A_organic,0.76828784,0.027162194,5
bn_0160,0,1,A_organic,0.72917485,0.04167092,9
bn_0161,0,1,A_organic,0.81795955,0.05993104,11
bn_0162,0,1,A_organic,0.7545197,0.06258029,24
bn_0163,0,1,A_organic,0.79122394,0.02254808,10
bn_0164,0,1,A_organic,0.7758436,0.020646393,26
bn_0165,1,1,A_organic,0.8252058,0.08471769,3
bn_0166,0,1,A_organic,0.8432524,0.012759745,13
bn_0167,0,1,A_organic,0.80062574,0.059618652,26
bn_0168,0,1,A_organic,0.7157325,0.08912498,17
bn_0169,0,1,A_organic,0.78061706,0.07858884,4
bn_0170,0,1,A_organic,0.7746866,0.029695809,3
bn_0171,0,1,A_organic,0.73848313,0.11123717,10
bn_0172,0,1,A_organic,0.668833,0.17276269,11
bn_0173,0,1,A_organic,0.7452559,0.054857373,13
bn_0176,0,1,A_organic,0.7775425,0.07029337,23
bn_0179,0,1,A_organic,0.8481807,0.029587269,13
bn_0181,0,1,A_organic,0.840595,0.03930497,13
bn_0183,0,1,A_organic,0.82818055,0.040714383,9
bn_0184,0,1,A_organic,0.76350975,0.0472638,5
bn_0186,0,1,A_organic,0.8395868,0.022994637,23
bn_0187,0,1,A_organic,0.7223877,0.14140809,27
bn_0188,0,1,A_organic,0.81570005,0.073455274,5
bn_0189,0,1,A_organic,0.7157664,0.1406461,16
bn_0190,0,1,A_organic,0.7523638,0.07795751,11
bn_0191,0,1,A_organic,0.81762964,0.051083684,13
bn_0192,0,1,A_organic,0.80860424,0.037725806,5
bn_0193,0,1,A_organic,0.80850416,0.064136386,12
bn_0194,0,1,A_organic,0.81168205,0.054846525,30
bn_0195,1,1,A_organic,0.8473171,0.0060991645,10
bn_0196,1,1,A_organic,0.8603865,0.016745925,4
bn_0197,0,1,A_organic,0.90430236,0.04314202,11
bn_0198,0,1,A_organic,0.90665084,0.010501027,25
bn_0199,1,1,A_organic,0.9462982,0.040320873,6
bn_0200,0,1,A_organic,0.8206146,0.085769534,10
bn_0201,0,1,A_organic,0.7764239,0.046654582,9
bn_0202,1,1,A_organic,0.9035309,0.06501371,12
bn_0203,1,1,A_organic,0.9528742,0.072624326,16
bn_0204,1,1,A_organic,0.8500019,0.060382426,7
bn_0205,0,1,A_organic,0.81070846,0.019519627,8
bn_0206,0,1,A_organic,0.7288205,0.08131099,11
bn_0207,1,1,A_organic,0.8283256,0.07006514,4
bn_0208,1,1,A_organic,0.85266477,0.052827477,13
bn_0209,0,1,A_organic,0.8583342,0.008079946,25
bn_0210,1,1,A_organic,0.8922413,0.0712623,5
bn_0211,0,1,A_organic,0.72900134,0.062353194,8
bn_0212,0,1,A_organic,0.8299775,0.042132974,10
bn_0213,0,1,A_organic,0.693347,0.056332648,3
bn_0214,0,1,A_organic,0.6898799,0.11976731,7
bn_0215,1,1,A_organic,0.9459633,0.0047830343,7
bn_0217,1,1,A_organic,0.88620806,0.073883,14
bn_0218,0,1,A_organic,0.7927904,0.03774774,4
bn_0219,0,1,A_organic,0.72242564,0.07832801,8
bn_0220,1,1,A_organic,0.81497043,0.01194787,7
bn_0221,0,1,A_organic,0.7416059,0.09372324,13
bn_0222,0,1,A_organic,0.7217742,0.13053018,5
bn_0223,0,1,A_organic,0.62837183,0.15717226,8
bn_0224,0,1,A_organic,0.8053249,0.059388757,8
bn_0225,0,1,A_organic,0.7492302,0.064641654,8
bn_0226,1,1,A_organic,0.7853213,0.0708558,4
bn_0227,1,1,A_organic,0.81768167,0.046315134,3
bn_0228,0,1,A_organic,0.8002129,0.058152437,6
bn_0229,0,1,A_organic,0.6745615,0.10836899,3
bn_0230,0,1,A_organic,0.67030877,0.12910795,6
bn_0231,1,1,A_organic,0.85838205,0.07509214,6
bn_0232,0,1,A_organic,0.72096276,0.12164992,8
bn_0233,1,1,A_organic,0.8330419,0.030110657,12
bn_0234,0,1,A_organic,0.71771234,0.102158904,6
bn_0235,0,1,A_organic,0.71738994,0.10159618,8
bn_0236,1,1,A_organic,0.8700617,0.07190919,6
bn_0237,1,1,A_organic,0.80419016,0.031359375,8
bn_0238,0,1,A_organic,0.69754696,0.100251615,14
bn_0239,0,1,A_organic,0.6652741,0.14907181,5
bn_0240,1,1,A_organic,0.8138313,0.029272974,10
bn_0241,0,1,A_organic,0.8472711,0.030824661,14
bn_0242,0,1,A_organic,0.8683116,0.03568858,11
bn_0243,0,1,A_organic,0.72682726,0.10787153,8
bn_0244,0,1,A_organic,0.82024264,0.0067284107,21
bn_0245,1,1,A_organic,1.0372146,0.10440755,5
bn_0246,0,1,A_organic,0.6685217,0.06568545,4
bn_0247,0,1,A_organic,0.69871855,0.09325147,7
bn_0248,0,1,A_organic,0.6094415,0.17002863,9
bn_0249,0,1,A_organic,0.7476516,0.069698036,16
bn_0250,0,1,A_organic,0.7090835,0.09924567,30
bn_0251,1,1,A_organic,0.9068772,0.023429751,7
bn_0252,1,1,A_organic,0.80384785,0.07084501,4
bn_0253,1,1,A_organic,0.8449424,0.05577445,5
bn_0254,0,1,A_organic,0.82010204,0.061455846,20
bn_0255,0,1,A_organic,0.69071186,0.09117013,10
bn_0256,0,1,A_organic,0.8035232,0.09430432,13
bn_0257,0,1,A_organic,0.67438895,0.0657087,3
bn_0258,0,1,A_organic,0.7412596,0.09661716,22
bn_0259,0,1,A_organic,0.7152081,0.06450635,6
bn_0260,0,1,A_organic,0.71226096,0.16014147,22
bn_0261,0,1,A_organic,0.671717,0.13291794,4
bn_0262,0,1,A_organic,0.7322504,0.11452001,14
bn_0263,1,1,A_organic,0.8341869,0.06414956,8
bn_0264,1,1,A_organic,0.96831816,0.086321056,4
bn_0265,0,1,A_organic,0.64515305,0.17996484,12
bn_0266,1,1,A_organic,0.91809815,0.06909311,4
bn_0267,0,1,A_organic,0.64922076,0.12752712,3
bn_0268,1,1,A_organic,0.9035445,0.040652335,19
bn_0269,1,1,A_organic,0.9219236,0.027665079,10
bn_0270,0,1,A_organic,0.78917694,0.056153476,23
bn_0271,0,1,A_organic,0.72821474,0.09071922,15
bn_0272,1,1,A_organic,0.9520884,0.101548254,17
bn_0273,0,1,A_organic,0.8967011,0.0065206885,22
bn_0274,0,1,A_organic,0.7132883,0.09937161,8
bn_0275,0,1,A_organic,0.68556273,0.09939325,10
bn_0276,0,1,A_organic,0.73936886,0.098112285,11
bn_0277,1,1,A_organic,0.9988159,0.050149918,12
bn_0278,1,1,A_organic,0.9193193,0.050070286,20
bn_0279,0,1,A_organic,0.71728194,0.0507735,4
bn_0280,0,1,A_organic,0.75157356,0.12002593,13
bn_0281,0,1,A_organic,0.7642927,0.011832058,25
bn_0282,1,1,A_organic,0.80194706,0.035543144,7
bn_0283,0,1,A_organic,0.71540916,0.10614377,10
bn_0284,0,1,A_organic,0.8250006,0.026465178,22
bn_0285,0,1,A_organic,0.73811644,0.097079694,12
bn_0286,0,1,A_organic,0.8273935,0.08384138,12
bn_0287,0,1,A_organic,0.81481475,0.0806669,8
bn_0288,0,1,A_organic,0.7863548,0.05005145,10
bn_0289,0,1,A_organic,0.7224917,0.104727864,12
bn_0290,0,1,A_organic,0.7240586,0.096616626,3
bn_0292,0,1,A_organic,0.6615189,0.11376178,4
bn_0293,0,1,A_organic,0.71561617,0.13172305,9
bn_0295,1,1,A_organic,0.8358642,0.035048842,7
bn_0296,0,1,A_organic,0.74214745,0.09569126,3
bn_0298,0,1,A_organic,0.73655087,0.13302743,27
bn_0299,0,1,A_organic,0.62208027,0.19713986,8
bn_0300,0,1,A_organic,0.7429822,0.07498598,5
bn_0301,0,1,A_organic,0.76756126,0.09821397,26
bn_0302,0,1,A_organic,0.75192857,0.13341385,10
bn_0303,0,1,A_organic,0.8732707,0.02943623,21
bn_0304,1,1,A_organic,0.89554673,0.03336644,38
bn_0305,0,1,A_organic,0.7776239,0.08234906,8
bn_0306,1,1,A_organic,0.77223796,0.008087099,8
bn_0307,0,1,A_organic,0.8178643,0.03648895,18
bn_0308,1,1,A_organic,0.9269778,0.017456174,9
bn_0309,0,1,A_organic,0.7564702,0.07716805,30
bn_0310,0,1,A_organic,0.7726192,0.082547545,14
bn_0311,0,1,A_organic,0.78411317,0.07480663,30
bn_0312,0,1,A_organic,0.7048419,0.114807606,20
bn_0313,1,1,A_organic,0.889166,0.044070005,18
bn_0314,0,1,A_organic,0.7255844,0.09324545,12
bn_0315,0,1,A_organic,0.745126,0.074736714,11
bn_0316,0,1,A_organic,0.7935917,0.069695115,7
bn_0317,0,1,A_organic,0.8565599,0.018372774,25
bn_0318,0,1,A_organic,0.76888496,0.1021803,12
bn_0319,1,1,A_organic,0.8546688,0.026376009,7
bn_0320,0,1,A_organic,0.6863717,0.1355719,26
bn_0321,1,1,A_organic,0.86605793,0.036104262,9
bn_0322,1,1,A_organic,0.87910295,0.034752905,6
bn_0323,0,1,A_organic,0.77457136,0.10052854,17
bn_0324,0,1,A_organic,0.7492338,0.047870576,8
bn_0325,0,1,A_organic,0.7741216,0.079336405,10
bn_0326,0,1,A_organic,0.73241776,0.07517856,12
bn_0327,0,1,A_organic,0.66536534,0.07676613,7
bn_0328,0,1,A_organic,0.76429343,0.06837952,17
bn_0329,1,1,A_organic,0.82288986,0.007886827,17
bn_0330,1,1,A_organic,0.9973143,0.07102507,6
bn_0331,0,1,A_organic,0.690446,0.13113838,12
bn_0332,0,1,A_organic,0.72272605,0.075223625,6
bn_0333,0,1,A_organic,0.8805307,0.011190057,15
bn_0334,0,1,A_organic,0.8094969,0.06913561,6
bn_0335,1,1,A_organic,0.86820096,0.009659469,4
bn_0336,0,1,A_organic,0.7538064,0.09992123,22
bn_0337,0,1,A_organic,0.6944801,0.09624648,7
bn_0338,0,1,A_organic,0.77713776,0.05720043,12
bn_0339,0,1,A_organic,0.73047316,0.09572369,3
bn_0340,0,1,A_organic,0.7916037,0.08813137,19
bn_0341,0,1,A_organic,0.77908623,0.043705285,4
bn_0342,0,1,A_organic,0.727575,0.11142182,9
bn_0343,0,1,A_organic,0.8076447,0.084239304,6
bn_0344,0,1,A_organic,0.8376364,0.019549012,4
bn_0345,0,1,A_organic,0.8166552,0.042544484,8
bn_0346,1,1,A_organic,0.85647476,0.0037789345,11
bn_0347,1,1,A_organic,0.85348344,0.03509736,23
bn_0348,0,1,A_organic,0.7584359,0.13523889,25
bn_0349,0,1,A_organic,0.83733493,0.030072391,14
bn_0350,0,1,A_organic,0.6635236,0.14841324,11
bn_0351,0,1,A_organic,0.7167363,0.14816397,5
bn_0352,0,1,A_organic,0.60900176,0.17963117,10
bn_0353,0,1,A_organic,0.8208635,0.04940492,9
bn_0354,0,1,A_organic,0.7813634,0.062496483,35
bn_0355,0,1,A_organic,0.6854986,0.15278262,21
bn_0356,0,1,A_organic,0.786539,0.076254964,3
bn_0357,0,1,A_organic,0.6046048,0.19271517,11
bn_0358,1,1,A_organic,0.8287992,0.069392025,8
bn_0359,1,1,A_organic,0.9188829,0.062622964,19
bn_0360,1,1,A_organic,0.8969638,0.068561494,12
bn_0361,1,1,A_organic,0.9049264,0.03327942,7
bn_0362,1,1,A_organic,0.8355788,0.052215815,12
bn_0363,0,1,A_organic,0.75729346,0.059907556,5
bn_0364,0,1,A_organic,0.8567813,0.04059881,23
bn_0365,1,1,A_organic,0.89114136,0.015520811,8
bn_0366,0,1,A_organic,0.5962523,0.15280527,4
bn_0367,0,1,A_organic,0.89860564,0.005338192,12
bn_0368,0,1,A_organic,0.7774662,0.03829354,3
bn_0369,0,1,A_organic,0.72187084,0.028251767,10
bn_0370,0,1,A_organic,0.6578911,0.17589098,7
bn_0371,1,1,A_organic,0.9279253,0.020768166,14
bn_0372,0,1,A_organic,0.85888076,0.045372963,8
bn_0373,0,1,A_organic,0.73455435,0.119841754,17
bn_0374,0,1,A_organic,0.74830353,0.04487437,12
bn_0375,0,1,A_organic,0.76382774,0.06865597,16
bn_0376,0,1,A_organic,0.75544006,0.06070721,10
bn_0377,0,1,A_organic,0.8018501,0.055124342,6
bn_0378,1,1,A_organic,0.9301735,0.0470953,6
bn_0379,1,1,A_organic,0.90275615,0.02995807,18
bn_0380,1,1,A_organic,0.8411001,0.021746695,6
bn_0381,1,1,A_organic,0.88386637,0.06661743,5
bn_0382,0,1,A_organic,0.8439793,0.04147333,18
bn_0383,0,1,A_organic,0.7860414,0.06154442,12
bn_0384,0,1,A_organic,0.92649287,0.04456812,12
bn_0387,0,1,A_organic,0.7975862,0.07675815,12
bn_0389,0,1,A_organic,0.7519287,0.10759354,7
bn_0390,1,1,A_organic,0.9697392,0.017833948,7
bn_0391,0,1,A_organic,0.6696521,0.15101635,10
bn_0392,0,1,A_organic,0.75330627,0.07641733,20
bn_0393,0,1,A_organic,0.7962214,0.06358278,17
bn_0394,0,1,A_organic,0.76723737,0.045581758,11
bn_0395,0,1,A_organic,0.7937434,0.03162414,24
bn_0396,0,1,A_organic,0.76893634,0.07681608,6
bn_0397,0,1,A_organic,0.7020032,0.10353112,22
bn_0398,1,1,A_organic,0.7771962,0.033450782,5
bn_0399,0,1,A_organic,0.7076065,0.15722632,17
bn_0401,0,1,A_organic,0.7778948,0.08285642,9
bn_0402,0,1,A_organic,0.74413294,0.054908216,7
bn_0403,0,1,A_organic,0.74386084,0.06982541,6
bn_0404,0,1,A_organic,0.7689565,0.07994515,9
bn_0405,0,1,A_organic,0.7259582,0.09353089,9
bn_0406,0,1,A_organic,0.81071615,0.018166661,25
bn_0407,0,1,A_organic,0.77191955,0.04521805,4
bn_0408,0,1,A_organic,0.8153274,0.08211577,5
bn_0409,0,1,A_organic,0.7501083,0.09718984,15
bn_0410,0,1,A_organic,0.77656657,0.07209998,35
bn_0411,0,1,A_organic,0.76664627,0.046798706,8
bn_0412,0,1,A_organic,0.81488055,0.0717057,11
bn_0413,0,1,A_organic,0.7557471,0.09765333,25
bn_0414,0,1,A_organic,0.67953223,0.1517247,8
bn_0415,0,1,A_organic,0.8749242,0.019095898,21
bn_0416,0,1,A_organic,0.6983934,0.12277669,3
bn_0417,0,1,A_organic,0.70045257,0.12424576,24
bn_0418,1,1,A_organic,0.9072563,0.011778474,12
bn_0419,0,1,A_organic,0.7782087,0.067065954,19
bn_0420,0,1,A_organic,0.9114977,0.064756155,13
bn_0421,1,1,A_organic,0.8924494,0.046361864,6
bn_0422,0,1,A_organic,0.71991926,0.08014816,9
bn_0423,0,1,A_organic,0.79307973,0.037239254,13
bn_0424,0,1,A_organic,0.8067661,0.028541148,10
bn_0425,0,1,A_organic,0.83656263,0.026043832,13
bn_0426,0,1,A_organic,0.72598207,0.08342892,18
bn_0427,0,1,A_organic,0.81152123,0.05901456,21
bn_0428,0,1,A_organic,0.7561978,0.050436854,23
bn_0429,0,1,A_organic,0.84046,0.060988903,15
bn_0430,0,1,A_organic,0.71706194,0.049352407,20
bn_0431,0,1,A_organic,0.8284892,0.07768285,6
bn_0432,0,1,A_organic,0.81618136,0.0483703,13
bn_0433,1,1,A_organic,0.8715225,0.05398935,24
bn_0434,0,1,A_organic,0.81045884,0.046789348,8
bn_0435,0,1,A_organic,0.73252195,0.0946818,7
bn_0436,0,1,A_organic,0.8112748,0.06534535,15
bn_0437,0,1,A_organic,0.6467004,0.15666872,5
bn_0438,0,1,A_organic,0.8248213,0.09806526,17
bn_0439,0,1,A_organic,0.66060233,0.1401732,10
bn_0440,0,1,A_organic,0.8069112,0.042929888,22
bn_0441,0,1,A_organic,0.7928173,0.071442485,6
bn_0442,0,1,A_organic,0.8106544,0.03204024,11
bn_0443,0,1,A_organic,0.7489985,0.06034845,6
bn_0444,0,1,A_organic,0.7174849,0.092585504,16
bn_0445,0,1,A_organic,0.77716255,0.073161006,16
bn_0446,0,1,A_organic,0.72539616,0.13616085,16
bn_0447,0,1,A_organic,0.7616614,0.08105177,8
bn_0448,0,1,A_organic,0.70532995,0.13725269,7
bn_0449,0,1,A_organic,0.7658312,0.06838131,36
bn_0450,0,1,A_organic,0.802686,0.015600324,11
bn_0451,0,1,A_organic,0.76677614,0.10242492,34
bn_0452,0,1,A_organic,0.8302321,0.02956742,16
bn_0453,0,1,A_organic,0.83103365,0.021764338,26
bn_0454,0,1,A_organic,0.7419633,0.028581977,10
bn_0455,0,1,A_organic,0.84299207,0.0448758,20
bn_0456,0,1,A_organic,0.75043845,0.09845555,23
bn_0457,0,1,A_organic,0.8318135,0.06700051,52
bn_0458,0,1,A_organic,0.74234456,0.12101239,18
bn_0459,0,1,A_organic,0.7207957,0.085868955,13
bn_0460,0,1,A_organic,0.6715231,0.10125756,5
bn_0461,0,1,A_organic,0.69363683,0.14290035,7
bn_0462,0,1,A_organic,0.77579796,0.07445794,20
bn_0463,0,1,A_organic,0.78279257,0.015625,6
bn_0464,0,1,A_organic,0.7005603,0.104868054,10
bn_0465,0,1,A_organic,0.7114167,0.10167283,10
bn_0466,1,1,A_organic,0.8780636,0.023686469,9
bn_0467,0,1,A_organic,0.72141516,0.10479796,15
bn_0468,1,1,A_organic,0.86175686,0.0023542643,14
bn_0469,0,1,A_organic,0.6433511,0.15101326,21
bn_0470,0,1,A_organic,0.7740897,0.096869886,10
bn_0471,0,1,A_organic,0.84544146,0.052920878,8
bn_0472,0,1,A_organic,0.77505016,0.1022048,12
bn_0473,0,1,A_organic,0.811477,0.0922429,26
bn_0474,0,1,A_organic,0.7243455,0.09862834,9
bn_0475,0,1,A_organic,0.8361674,0.021977723,7
bn_0476,0,1,A_organic,0.9083066,0.019304276,17
bn_0477,0,1,A_organic,0.6966444,0.124290705,14
bn_0478,0,1,A_organic,0.69824064,0.16960877,10
bn_0479,0,1,A_organic,0.8530669,0.009188294,11
bn_0480,0,1,A_organic,0.71079046,0.09237689,5
bn_0481,0,1,A_organic,0.8565773,0.047321975,29
bn_0482,1,1,A_organic,0.82133216,0.015904307,8
bn_0483,0,1,A_organic,0.7737118,0.08871138,29
bn_0484,0,1,A_organic,0.75060385,0.09410858,23
bn_0485,0,1,A_organic,0.7159121,0.07816625,7
bn_0486,0,1,A_organic,0.8055375,0.04886532,15
bn_0487,0,1,A_organic,0.6835314,0.14854592,24
bn_0488,0,1,A_organic,0.81965864,0.029945254,28
bn_0489,0,1,A_organic,0.6784954,0.12598258,12
bn_0490,0,1,A_organic,0.82813746,0.009525299,14
bn_0491,0,1,A_organic,0.6766038,0.12613398,15
bn_0492,0,1,A_organic,0.7037816,0.1268956,8
bn_0493,0,1,A_organic,0.7006763,0.07960451,8
bn_0494,0,1,A_organic,0.7093181,0.06800789,10
bn_0495,0,1,A_organic,0.76828444,0.061991215,6
bn_0496,0,1,A_organic,0.5940528,0.18818152,11
bn_0497,0,1,A_organic,0.7685059,0.101423144,15
bn_0498,0,1,A_organic,0.68772614,0.1501373,22
bn_0499,1,0,A_organic,0.9044604,0.08398628,8
bn_0500,1,0,A_organic,0.8598111,0.015579343,24
bn_0501,0,0,A_organic,0.833194,0.015471876,18
bn_0502,1,0,A_organic,0.8861021,0.08171892,17
bn_0503,0,0,A_organic,0.8525436,0.03172642,4
bn_0504,1,0,A_organic,0.7655757,0.005773008,5
bn_0505,1,0,A_organic,0.84895164,0.07244021,6
bn_0506,1,0,A_organic,0.8806062,0.08446753,6
bn_0507,0,0,A_organic,0.8318868,0.05417049,29
bn_0508,1,0,A_organic,0.86583585,0.07046306,12
bn_0509,1,0,A_organic,0.8599572,0.025442064,8
bn_0510,1,0,A_organic,0.914171,0.049237132,6
bn_0511,0,0,A_organic,0.8177778,0.05521232,25
bn_0512,0,0,A_organic,0.68588006,0.054077268,3
bn_0513,1,0,A_organic,0.8925486,0.05797565,3
bn_0514,0,0,A_organic,0.8249633,0.047064662,9
bn_0515,0,0,A_organic,0.9330917,0.0016061068,10
bn_0516,0,0,A_organic,0.7480249,0.04287678,7
bn_0517,0,0,A_organic,0.86147594,0.01677996,7
bn_0518,0,0,A_organic,0.8781207,0.036498725,34
bn_0519,1,0,A_organic,0.9475525,0.04681325,3
bn_0520,1,0,A_organic,0.90372384,0.09003657,5
bn_0521,1,0,A_organic,0.85802615,0.0115401745,16
bn_0522,0,0,A_organic,0.85240865,0.0024388433,9
bn_0523,1,0,A_organic,0.8638215,0.05459696,10
bn_0524,0,0,A_organic,0.86958146,0.041674793,20
bn_0525,1,0,A_organic,0.8878545,0.061046004,6
bn_0526,0,0,A_organic,0.81950647,0.07285279,8
bn_0527,1,0,A_organic,0.97003186,0.09202385,3
bn_0528,0,0,A_organic,0.88030666,0.0034255981,30
bn_0529,0,0,A_organic,0.76235,0.07518059,14
bn_0530,0,0,A_organic,0.8031998,0.033216417,6
bn_0531,1,0,A_organic,0.8104469,0.09732133,3
bn_0533,1,0,A_organic,0.8482763,0.05069852,4
bn_0534,1,0,A_organic,0.95383155,0.10253394,3
bn_0535,0,0,A_organic,0.8076124,0.069343984,9
bn_0536,1,0,A_organic,0.8951075,0.11165011,6
bn_0537,1,0,A_organic,0.91806924,0.06457567,6
bn_0538,1,0,A_organic,0.7827798,0.09627819,7
bn_0539,1,0,A_organic,0.8709382,0.019007206,4
bn_0540,0,0,A_organic,0.70544636,0.059435725,8
bn_0542,1,0,A_organic,0.87123775,0.01186198,7
bn_0543,1,0,A_organic,0.8291652,0.09259009,5
bn_0544,1,0,A_organic,0.839432,0.096965015,5
bn_0545,1,0,A_organic,0.9137008,0.06127304,7
bn_0546,0,0,A_organic,0.7137418,0.06566858,7
bn_0547,1,0,A_organic,0.8916208,0.058826327,7
bn_0548,0,0,A_organic,0.81860137,0.02676344,7
bn_0549,0,0,A_organic,0.79183745,0.061272502,9
bn_0550,0,0,A_organic,0.8025465,0.019408584,6
bn_0551,0,0,A_organic,0.92568076,0.010447681,4
bn_0552,1,0,A_organic,0.84090537,0.07716107,4
bn_0553,1,0,A_organic,0.8827714,0.035135925,9
bn_0554,0,0,A_organic,0.81562155,0.0022354126,6
bn_0555,1,0,A_organic,0.94287366,0.046391606,13
bn_0556,1,0,A_organic,0.7809964,0.12297422,6
bn_0557,1,0,A_organic,0.89648885,0.010169923,6
bn_0558,1,0,A_organic,0.9271429,0.079309046,5
bn_0559,1,0,A_organic,0.89325374,0.08567768,5
bn_0560,1,0,A_organic,0.91574115,0.028485775,3
bn_0561,1,0,A_organic,0.8448344,0.028732955,8
bn_0562,0,0,A_organic,0.80465215,0.04479128,11
bn_0563,0,0,A_organic,0.8858837,0.022488713,9
bn_0564,0,0,A_organic,0.78482485,0.078183055,7
bn_0565,1,0,A_organic,0.92463285,0.07095653,9
bn_0566,1,0,A_organic,0.8859705,0.033212006,5
bn_0567,1,0,A_organic,0.8689263,0.10082644,3
bn_0568,0,0,A_organic,0.7556712,0.09364921,6
bn_0569,0,0,A_organic,0.77828634,0.045004725,7
bn_0570,0,0,A_organic,0.89429533,0.010346949,7
bn_0571,0,0,A_organic,0.88873255,0.005553305,8
bn_0572,1,0,A_organic,0.8090671,0.10080874,5
bn_0573,1,0,A_organic,0.84103966,0.013891876,15
bn_0574,1,0,A_organic,0.903551,0.092784464,22
bn_0576,0,0,A_organic,0.8517024,0.016199112,7
bn_0577,0,0,A_organic,0.7361044,0.070831895,14
bn_0578,0,0,A_organic,0.70090795,0.09270871,8
bn_0579,1,0,A_organic,0.89776415,0.06430662,9
bn_0580,1,0,A_organic,0.90764225,0.0549556,8
bn_0581,0,0,A_organic,0.7421315,0.1286273,8
bn_0582,1,0,A_organic,0.9019599,0.011429787,9
bn_0583,0,0,A_organic,0.6753944,0.10218161,10
bn_0584,1,0,A_organic,0.9446902,0.04794705,7
bn_0585,0,0,A_organic,0.8395837,0.0624218,16
bn_0586,0,0,A_organic,0.833745,0.115071476,3
bn_0587,0,0,A_organic,0.87074965,0.04165703,3
bn_0588,1,0,A_organic,0.85445875,0.07987499,5
bn_0589,1,0,A_organic,0.8878156,0.06899458,13
bn_0590,1,0,A_organic,1.0181223,0.07768381,6
bn_0591,1,0,A_organic,0.89050406,0.101786256,6
bn_0592,1,0,A_organic,0.7926626,0.016504586,6
bn_0593,0,0,A_organic,0.78939384,0.059866905,8
bn_0594,1,0,A_organic,0.86318123,0.04178399,4
bn_0595,0,0,A_organic,0.72027606,0.086396635,4
bn_0596,1,0,A_organic,0.9018764,0.1194213,3
bn_0597,1,0,A_organic,0.87378716,0.11003649,8
bn_0598,0,0,A_organic,0.73382753,0.05597627,9
bn_0599,1,0,A_organic,0.7874498,0.059931993,4
bn_0600,1,0,A_organic,0.83184093,0.042161167,10
bn_0601,1,0,A_organic,0.9530149,0.08918315,8
bn_0602,0,0,A_organic,0.73837036,0.03588003,6
bn_0603,0,0,A_organic,0.8233177,0.019723535,8
bn_0604,1,0,A_organic,0.83621097,0.07175875,5
bn_0605,1,0,A_organic,0.8367998,0.06053877,6
bn_0606,1,0,A_organic,0.89619786,0.096666515,7
bn_0607,1,0,A_organic,0.8870117,0.060881257,4
bn_0608,0,0,A_organic,0.9051606,0.04436201,9
bn_0610,1,0,A_organic,0.9323041,0.10139555,6
bn_0611,0,0,A_organic,0.8916148,0.021500766,3
bn_0612,1,0,A_organic,0.9259027,0.09768236,10
bn_0613,1,0,A_organic,0.9971105,0.12828875,3
bn_0614,0,0,A_organic,0.8504489,0.026303709,6
bn_0615,1,0,A_organic,0.8910932,0.12171322,8
bn_0616,1,0,A_organic,0.94735336,0.08058643,3
bn_0617,1,0,A_organic,0.8042092,0.09462422,6
bn_0618,0,0,A_organic,0.67233056,0.08640468,6
bn_0619,0,0,A_organic,0.6796538,0.086950004,6
bn_0621,0,0,A_organic,0.8748346,0.030548632,6
bn_0622,0,0,A_organic,0.8674487,0.033214033,8
bn_0623,1,0,A_organic,0.9629139,0.09917784,3
bn_0624,1,0,A_organic,0.8602282,0.08504856,3
bn_0625,1,0,A_organic,0.8501507,0.09369868,8
bn_0626,1,0,A_organic,0.8591968,0.150298,5
bn_0627,1,0,A_organic,0.8204666,0.0910483,7
bn_0628,1,0,A_organic,0.9282766,0.09571701,7
bn_0629,1,0,A_organic,0.91265416,0.08558172,4
bn_0631,1,0,A_organic,0.94362634,0.13930303,4
bn_0633,1,0,A_organic,0.7913481,0.074794054,6
bn_0634,1,0,A_organic,0.92234904,0.041668713,9
bn_0635,0,0,A_organic,0.84294856,0.038608134,8
bn_0636,1,0,A_organic,0.9248156,0.08651644,5
bn_0637,1,0,A_organic,0.7986816,0.10228443,5
bn_0638,1,0,A_organic,0.90589374,0.113254964,4
bn_0639,1,0,A_organic,0.9715773,0.10115492,7
bn_0640,1,0,A_organic,0.95333624,0.09740186,5
bn_0641,0,0,A_organic,0.8349355,0.045701742,8
bn_0642,1,0,A_organic,0.8600009,0.09273225,7
bn_0643,1,0,A_organic,0.9485504,0.12790388,5
bn_0644,1,0,A_organic,0.9518615,0.075820684,8
bn_0645,0,0,A_organic,0.79322517,0.055873334,4
bn_0646,1,0,A_organic,0.99449444,0.11590099,4
bn_0648,1,0,A_organic,0.9852961,0.092363775,7
bn_0649,1,0,A_organic,0.87613255,0.05462843,6
bn_0650,0,0,A_organic,0.7688404,0.044540882,4
bn_0651,1,0,A_organic,0.894212,0.007897735,8
bn_0652,1,0,A_organic,0.84104896,0.03719312,9
bn_0653,1,0,A_organic,0.8004443,0.022619247,17
bn_0654,0,0,A_organic,0.9374823,0.009674728,11
bn_0655,1,0,A_organic,0.84722775,0.028346777,4
bn_0657,1,0,A_organic,0.88701946,0.05548954,17
bn_0658,1,0,A_organic,0.9335936,0.046334565,8
bn_0659,0,0,A_organic,0.7692809,0.064351976,20
bn_0660,1,0,A_organic,0.8570281,0.085060894,10
bn_0661,0,0,A_organic,0.8261406,0.0416919,5
bn_0663,0,0,A_organic,0.7276348,0.023723125,6
bn_0664,0,0,A_organic,0.698312,0.12797278,3
bn_0665,1,0,A_organic,0.89562804,0.04328686,7
bn_0666,0,0,A_organic,0.74763185,0.06847721,9
bn_0667,1,0,A_organic,0.88670635,0.039231718,15
bn_0668,1,0,A_organic,0.9563686,0.06892198,19
bn_0669,1,0,A_organic,0.944577,0.10286367,17
bn_0670,0,0,A_organic,0.68926287,0.10666394,3
bn_0671,1,0,A_organic,0.8562359,0.013662696,10
bn_0672,1,0,A_organic,0.7846782,0.06207174,6
bn_0673,1,0,A_organic,0.8988109,0.005371928,14
bn_0674,0,0,A_organic,0.7549307,0.08318198,19
bn_0675,1,0,A_organic,0.916198,0.041399002,8
bn_0676,1,0,A_organic,0.82600695,0.11522138,3
bn_0677,1,0,A_organic,0.83173037,0.024434626,24
bn_0678,0,0,A_organic,0.8457585,0.05224365,6
bn_0679,0,0,A_organic,0.7665684,0.059000194,3
bn_0680,0,0,A_organic,0.9124473,0.0055019855,5
bn_0681,0,0,A_organic,0.73789287,0.0992676,15
bn_0682,1,0,A_organic,0.89654595,0.0017331839,16
bn_0683,0,0,A_organic,0.8171818,0.054445386,11
bn_0684,1,0,A_organic,0.9695465,0.070681274,3
bn_0685,1,0,A_organic,0.9400939,0.042040467,24
bn_0686,0,0,A_organic,0.6713588,0.15269816,19
bn_0687,1,0,A_organic,0.9011798,0.005833268,4
bn_0688,0,0,A_organic,0.761694,0.0735451,4
bn_0689,0,0,A_organic,0.8156642,0.015269995,6
bn_0690,0,0,A_organic,0.7033485,0.075136006,8
bn_0691,0,0,A_organic,0.67622334,0.09103292,11
bn_0692,1,0,A_organic,0.86987996,0.11908251,7
bn_0693,1,0,A_organic,0.861003,0.022026956,17
bn_0694,0,0,A_organic,0.78933823,0.07551175,23
bn_0695,0,0,A_organic,0.75102997,0.11357272,8
bn_0696,1,0,A_organic,0.80592376,0.0038853884,9
bn_0697,0,0,A_organic,0.7216855,0.07248688,4
bn_0698,0,0,A_organic,0.7385423,0.08792889,5
bn_0699,1,0,A_organic,0.8380263,0.08626175,5
bn_0700,1,0,A_organic,0.9105171,0.09452546,6
bn_0701,0,0,A_organic,0.7604573,0.050655484,11
bn_0702,1,0,A_organic,0.9085116,0.108698905,7
bn_0703,1,0,A_organic,0.9128237,0.019994974,12
bn_0704,1,0,A_organic,0.8855079,0.017257035,11
bn_0705,0,0,A_organic,0.8166443,0.055651367,9
bn_0706,1,0,A_organic,1.0007191,0.11502993,5
bn_0707,1,0,A_organic,0.9066289,0.07668126,7
bn_0708,0,0,A_organic,0.85398847,0.008654892,9
bn_0709,1,0,A_organic,0.81872565,0.06792694,3
bn_0710,0,0,A_organic,0.72455096,0.10903752,6
bn_0711,0,0,A_organic,0.8424891,0.01736784,13
bn_0712,0,0,A_organic,0.6608524,0.119469345,7
bn_0713,1,0,A_organic,0.9896059,0.08341956,4
bn_0714,0,0,A_organic,0.77296937,0.0057551265,17
bn_0715,0,0,A_organic,0.8321817,0.043026447,8
bn_0716,0,0,A_organic,0.748691,0.079580784,11
bn_0717,1,0,A_organic,0.80458426,0.060721338,8
bn_0718,1,0,A_organic,0.8353457,0.061935365,9
bn_0719,0,0,A_organic,0.80036783,0.04860747,4
bn_0720,1,0,A_organic,0.9606545,0.097534895,10
bn_0721,1,0,A_organic,0.8833654,0.03553021,8
bn_0722,1,0,A_organic,0.8885671,0.011916757,4
bn_0723,1,0,A_organic,0.93510234,0.049194157,10
bn_0724,1,0,A_organic,0.830177,0.020546317,9
bn_0725,1,0,A_organic,0.91851777,0.08491808,12
bn_0726,1,0,A_organic,0.86178046,0.10695475,9
bn_0727,0,0,A_organic,0.7885671,0.05474031,9
bn_0728,1,0,A_organic,0.88655543,0.06672722,8
bn_0729,1,0,A_organic,0.7656246,0.06289768,7
bn_0730,0,0,A_organic,0.82249725,0.0569942,9
bn_0731,1,0,A_organic,0.94234127,0.052230418,5
bn_0732,1,0,A_organic,0.789851,0.06692314,7
bn_0733,1,0,A_organic,0.92070776,0.106243074,3
bn_0734,1,0,A_organic,0.85456604,0.07894629,7
bn_0735,0,0,A_organic,0.7642555,0.10139799,4
bn_0736,1,0,A_organic,0.81324154,0.069660604,6
bn_0737,1,0,A_organic,0.8966139,0.060012877,4
bn_0738,0,0,A_organic,0.82726926,0.08604306,12
bn_0739,1,0,A_organic,0.86015606,0.071264684,7
bn_0740,0,0,A_organic,0.78853106,0.01256305,3
bn_0741,1,0,A_organic,0.7626382,0.009621561,5
bn_0742,1,0,A_organic,0.86867726,0.008046627,5
bn_0743,1,0,A_organic,0.7973791,0.020990431,7
bn_0744,0,0,A_organic,0.8401101,0.026713789,14
bn_0745,0,0,A_organic,0.85423344,0.026727796,10
bn_0746,0,0,A_organic,0.7840576,0.010297716,6
bn_0747,0,0,A_organic,0.8018488,0.045931876,7
bn_0748,1,0,A_organic,0.91341984,0.06589556,19
bn_0749,0,0,A_organic,0.74750704,0.101507604,9
bn_0750,0,0,A_organic,0.7806948,0.07689929,15
bn_0751,1,0,A_organic,0.9775198,0.0464769,12
bn_0752,0,0,A_organic,0.83147955,0.051537573,8
bn_0753,0,0,A_organic,0.761527,0.06404883,9
bn_0754,1,0,A_organic,0.77056366,0.08246422,4
bn_0755,1,0,A_organic,0.85084474,0.1189971,7
bn_0756,1,0,A_organic,0.77702147,0.0660705,5
bn_0757,0,0,A_organic,0.78578275,0.09263623,15
bn_0758,1,0,A_organic,0.86913425,0.08479977,6
bn_0759,0,0,A_organic,0.6694839,0.13097394,4
bn_0760,1,0,A_organic,0.7910248,0.10030317,5
bn_0761,1,0,A_organic,0.8077455,0.07124674,5
bn_0762,1,0,A_organic,0.8247798,0.10165101,4
bn_0763,0,0,A_organic,0.78634566,0.0017697215,5
bn_0764,1,0,A_organic,0.83754706,0.0126053095,9
bn_0765,1,0,A_organic,0.9361787,0.09284639,10
bn_0766,0,0,A_organic,0.8655549,0.019718707,7
bn_0767,1,0,A_organic,0.9134909,0.05944681,23
bn_0768,1,0,A_organic,0.81400985,0.06205368,7
bn_0769,1,0,A_organic,0.9585709,0.09711319,11
bn_0770,0,0,A_organic,0.71831274,0.08565754,22
bn_0771,0,0,A_organic,0.7287794,0.059636474,4
bn_0772,0,0,A_organic,0.8449238,0.03513348,11
bn_0773,0,0,A_organic,0.8571678,0.04327947,13
bn_0774,1,0,A_organic,0.9062122,0.083167374,6
bn_0775,1,0,A_organic,0.90730417,0.08800709,4
bn_0776,1,0,A_organic,0.8607315,0.082286716,4
bn_0777,0,0,A_organic,0.71182704,0.080778,14
bn_0778,1,0,A_organic,0.8641304,0.080361426,7
bn_0779,1,0,A_organic,0.91434586,0.0824126,6
bn_0780,1,0,A_organic,0.84057945,0.07903683,6
bn_0781,0,0,A_organic,0.82410675,0.024855196,8
bn_0782,0,0,A_organic,0.6844759,0.07740319,8
bn_0783,1,0,A_organic,0.8314697,0.02952838,12
bn_0784,0,0,A_organic,0.71510005,0.08191025,8
bn_0785,0,0,A_organic,0.80179125,0.061887324,9
bn_0786,1,0,A_organic,0.88552785,0.086233616,9
bn_0787,1,0,A_organic,0.9001201,0.015024841,12
bn_0788,0,0,A_organic,0.77287114,0.09438294,9
bn_0789,1,0,A_organic,0.8838443,0.0028128028,15
bn_0790,0,0,A_organic,0.8393694,0.0026426315,11
bn_0791,0,0,A_organic,0.81743646,0.017850399,6
bn_0792,1,0,A_organic,0.9202003,0.09349495,8
bn_0793,0,0,A_organic,0.80916375,0.070418715,23
bn_0794,1,0,A_organic,0.90795827,0.017751753,26
bn_0795,0,0,A_organic,0.7597502,0.071424425,15
bn_0796,0,0,A_organic,0.8819277,0.05296445,14
bn_0797,1,0,A_organic,0.8448659,0.02030915,18
bn_0798,0,0,A_organic,0.7260556,0.032494366,6
bn_0799,1,0,A_organic,0.7732009,0.005289197,7
bn_0800,1,0,A_organic,0.74461985,0.006554246,16
bn_0802,0,0,A_organic,0.7372872,0.112641215,20
bn_0803,1,0,A_organic,0.89270705,0.04809493,5
bn_0804,1,0,A_organic,0.94686526,0.05595237,12
bn_0805,1,0,A_organic,0.86897945,0.06280023,9
bn_0806,1,0,A_organic,0.8861004,0.022236526,19
bn_0807,1,0,A_organic,0.80798674,0.046980202,3
bn_0808,1,0,A_organic,0.83252144,0.025818944,7
bn_0809,1,0,A_organic,0.79775214,0.12218708,5
bn_0810,1,0,A_organic,0.97471035,0.103838086,4
bn_0811,1,0,A_organic,0.8318276,0.02038449,5
bn_0812,0,0,A_organic,0.7743148,0.043293238,13
bn_0813,0,0,A_organic,0.8357873,0.027831376,18
bn_0814,0,0,A_organic,0.78328896,0.04784161,17
bn_0815,0,0,A_organic,0.89749885,0.0010694265,16
bn_0816,0,0,A_organic,0.8747831,0.006539285,23
bn_0817,0,0,A_organic,0.7360318,0.1210472,17
bn_0818,1,0,A_organic,0.898648,0.091385126,11
bn_0819,1,0,A_organic,0.87804806,0.0601871,15
bn_0820,1,0,A_organic,0.8441914,0.0063822865,29
bn_0821,1,0,A_organic,0.8585743,0.008123994,12
bn_0822,0,0,A_organic,0.86486435,0.01726842,22
bn_0823,0,0,A_organic,0.9158084,0.006567955,17
bn_0824,0,0,A_organic,0.74338806,0.07734966,16
bn_0826,0,0,A_organic,0.729215,0.04736185,7
bn_0827,1,0,A_organic,0.88043404,0.13011181,7
bn_0828,1,0,A_organic,0.87065697,0.08353585,23
bn_0829,1,0,A_organic,1.0128325,0.08244753,10
bn_0830,1,0,A_organic,0.87361944,0.017175734,7
bn_0831,0,0,A_organic,0.8487249,0.009680152,3
bn_0832,0,0,A_organic,0.71636176,0.07117891,6
bn_0833,0,0,A_organic,0.7242387,0.08391893,6
bn_0834,1,0,A_organic,0.92256904,0.030967593,4
bn_0835,1,0,A_organic,0.89776313,0.08750385,7
bn_0836,1,0,A_organic,0.8625339,0.043374658,4
bn_0837,0,0,A_organic,0.8331993,0.048334002,16
bn_0838,1,0,A_organic,0.80835575,0.05388689,6
bn_0839,1,0,A_organic,0.89724755,0.08039576,13
bn_0840,0,0,A_organic,0.79240745,0.029071093,7
bn_0841,0,0,A_organic,0.83406854,0.05885327,16
bn_0842,0,0,A_organic,0.8444773,0.0434165,23
bn_0843,1,0,A_organic,0.9402398,0.023814619,16
bn_0844,1,0,A_organic,0.88572353,0.08701533,15
bn_0845,0,0,A_organic,0.693238,0.11541015,4
bn_0846,0,0,A_organic,0.8180459,0.017689943,11
bn_0847,0,0,A_organic,0.8598756,0.039838254,11
bn_0848,1,0,A_organic,0.89584,0.008853257,5
bn_0850,1,0,A_organic,0.92603403,0.046429813,29
bn_0851,0,0,A_organic,0.8096611,0.06586486,14
bn_0852,0,0,A_organic,0.71747035,0.101468384,3
bn_0853,1,0,A_organic,0.945828,0.051328182,8
bn_0854,1,0,A_organic,0.9044835,0.0994975,3
bn_0855,1,0,A_organic,0.75470495,0.032163084,5
bn_0856,0,0,A_organic,0.72506076,0.091634154,10
bn_0857,0,0,A_organic,0.71047944,0.11400986,26
bn_0858,1,0,A_organic,0.85279995,0.001857996,5
bn_0859,0,0,A_organic,0.8570462,0.013124764,18
bn_0860,0,0,A_organic,0.8567736,0.052443683,3
bn_0861,0,0,A_organic,0.8524066,0.046720922,10
bn_0862,1,0,A_organic,0.83196807,0.0020326972,13
bn_0863,0,0,A_organic,0.8156468,0.034433663,5
bn_0864,1,0,A_organic,0.96415734,0.087961316,15
bn_0865,1,0,A_organic,0.9634529,0.07469469,6
bn_0866,1,0,A_organic,0.8577386,0.08545971,3
bn_0867,1,0,A_organic,0.9231832,0.07817447,6
bn_0868,1,0,A_organic,0.7798728,0.02957958,14
bn_0869,0,0,A_organic,0.87816817,0.0023754835,7
bn_0870,1,0,A_organic,0.9282099,0.09681213,3
bn_0871,0,0,A_organic,0.80317605,0.060103714,10
bn_0872,0,0,A_organic,0.8699007,0.023149133,10
bn_0873,0,0,A_organic,0.8799058,0.016833305,6
bn_0874,1,0,A_organic,0.9061913,0.0680297,3
bn_0875,1,0,A_organic,0.8939439,0.041669786,8
bn_0876,0,0,A_organic,0.84779066,0.033716977,38
bn_0878,1,0,A_organic,0.97917604,0.043220043,16
bn_0879,1,0,A_organic,0.91522634,0.08034402,10
bn_0880,1,0,A_organic,0.90741384,0.06757319,36
bn_0881,0,0,A_organic,0.7813296,0.11216909,8
bn_0882,0,0,A_organic,0.7228605,0.07330465,6
bn_0883,0,0,A_organic,0.65570766,0.11143321,4
bn_0884,0,0,A_organic,0.8163526,0.056381226,4
bn_0885,1,0,A_organic,0.89012593,0.039629757,5
bn_0887,1,0,A_organic,0.9776512,0.07907528,16
bn_0888,0,0,A_organic,0.81119084,0.057540655,19
bn_0889,1,0,A_organic,1.0344661,0.061743855,18
bn_0890,1,0,A_organic,0.9891169,0.027366161,10
bn_0891,1,0,A_organic,0.91975045,0.009991288,13
bn_0892,1,0,A_organic,0.9535434,0.12211013,7
bn_0893,1,0,A_organic,0.97019106,0.018903434,21
bn_0894,1,0,A_organic,0.8760342,0.0497126,10
bn_0896,1,0,A_organic,0.90962875,0.011789143,10
bn_0898,1,0,A_organic,0.85587895,0.0467878,6
bn_0899,1,0,A_organic,0.93912435,0.10089028,5
bn_0900,1,0,A_organic,0.8522755,0.11011672,7
bn_0901,0,0,A_organic,0.73459995,0.03740728,9
bn_0902,1,0,A_organic,0.94450706,0.10631055,5
bn_0903,1,0,A_organic,0.85567397,0.059051692,17
bn_0904,1,0,A_organic,0.8590424,0.08741093,4
bn_0905,0,0,A_organic,0.868062,0.006114602,25
bn_0907,0,0,A_organic,0.8714381,0.038015246,3
bn_0908,0,0,A_organic,0.76937324,0.005613029,4
bn_0909,1,0,A_organic,0.84055656,0.058015645,3
bn_0911,1,0,A_organic,0.89807165,0.07056242,8
bn_0912,0,0,A_organic,0.77554685,0.108756185,27
bn_0913,1,0,A_organic,0.79477185,0.0022816062,6
bn_0914,1,0,A_organic,0.89188564,0.11871314,3
bn_0915,1,0,A_organic,0.84518427,0.097097695,5
bn_0916,0,0,A_organic,0.7619008,0.09454477,5
bn_0917,0,0,A_organic,0.7632579,0.048233926,10
bn_0918,0,0,A_organic,0.74713093,0.065517604,3
bn_0919,1,0,A_organic,0.82970667,0.09918517,5
bn_0920,1,0,A_organic,0.79334563,0.038242042,6
bn_0921,0,0,A_organic,0.8097705,0.0426504,20
bn_0922,1,0,A_organic,0.9206431,0.113769054,3
bn_0923,1,0,A_organic,0.84684837,0.015410364,5
bn_0924,1,0,A_organic,0.9074764,0.0741362,3
bn_0925,1,0,A_organic,0.83848464,0.008418143,4
bn_0926,1,0,A_organic,0.87953854,0.09100366,13
bn_0927,0,0,A_organic,0.7578767,0.034115195,7
bn_0928,0,0,A_organic,0.7095316,0.09881574,8
bn_0929,0,0,A_organic,0.8535739,0.005944431,7
bn_0930,1,0,A_organic,0.9528547,0.037037075,25
bn_0931,0,0,A_organic,0.93801606,0.008525014,26
bn_0932,0,0,A_organic,0.86760503,0.05294609,14
bn_0933,1,0,A_organic,0.9009005,0.09812814,3
bn_0934,1,0,A_organic,0.96974856,0.12750715,8
bn_0935,1,0,A_organic,0.9652312,0.09028602,10
bn_0936,1,0,A_organic,1.0041971,0.09384239,19
bn_0937,1,0,A_organic,0.8697591,0.051888287,7
bn_0938,0,0,A_organic,0.81163776,0.024083793,16
bn_0939,1,0,A_organic,0.88409734,0.06574935,18
bn_0940,1,0,A_organic,0.9267855,0.08853668,3
bn_0941,0,0,A_organic,0.8697047,0.03088224,15
bn_0942,1,0,A_organic,0.85251975,0.11815339,3
bn_0943,1,0,A_organic,0.95216423,0.014459074,14
bn_0944,1,0,A_organic,0.8811546,0.04204768,4
bn_0945,1,0,A_organic,0.9474323,0.01677692,7
bn_0946,0,0,A_organic,0.7537897,0.090512335,8
bn_0947,0,0,A_organic,0.80909926,0.018555164,7
bn_0948,1,0,A_organic,0.86264807,0.062879324,7
bn_0949,0,0,A_organic,0.7920278,0.0075651407,5
bn_0950,1,0,A_organic,0.8670152,0.0077294707,17
bn_0951,1,0,A_organic,0.8978916,0.04141724,12
bn_0952,1,0,A_organic,0.8450808,0.010335684,14
bn_0953,0,0,A_organic,0.77754897,0.03828746,10
bn_0954,0,0,A_organic,0.89349216,0.0197438,8
bn_0955,1,0,A_organic,0.870814,0.04141438,12
bn_0956,1,0,A_organic,0.9536168,0.02270484,6
bn_0957,1,0,A_organic,0.8631231,0.045567572,12
bn_0958,0,0,A_organic,0.7784923,0.06438166,5
bn_0959,0,0,A_organic,0.8873186,0.018630326,18
bn_0960,1,0,A_organic,0.8882335,0.03471583,8
bn_0961,1,0,A_organic,0.882346,0.05501151,11
bn_0962,1,0,A_organic,0.92181116,0.012912035,5
bn_0963,1,0,A_organic,0.94026756,0.10708666,4
bn_0964,1,0,A_organic,0.89592457,0.019853234,8
bn_0965,0,0,A_organic,0.75473964,0.056846023,3
bn_0966,1,0,A_organic,0.8118839,0.052643716,6
bn_0967,1,0,A_organic,0.86990863,0.05353713,7
bn_0968,0,0,A_organic,0.7755209,0.017597675,4
bn_0969,1,0,A_organic,0.9369672,0.07098991,9
bn_0970,1,0,A_organic,0.9739172,0.10389298,3
bn_0971,1,0,A_organic,0.87886053,0.11925882,7
bn_0972,1,0,A_organic,0.7622317,0.049966276,7
bn_0973,1,0,A_organic,0.8850125,0.08310419,4
bn_0974,1,0,A_organic,0.9883134,0.10355967,3
bn_0975,1,0,A_organic,0.9162919,0.07133281,4
bn_0976,1,0,A_organic,0.7969751,0.08656943,5
bn_0978,1,0,A_organic,0.8825681,0.011967599,15
bn_0979,1,0,A_organic,0.90983814,0.13122672,3
bn_0980,1,0,A_organic,0.99502283,0.14028269,3
bn_0981,1,0,A_organic,0.81176734,0.10269767,5
bn_0982,1,0,A_organic,0.82248604,0.07059336,6
bn_0983,1,0,A_organic,0.8859898,0.07003206,6
bn_0984,1,0,A_organic,0.9060889,0.10984415,5
bn_0985,0,0,A_organic,0.7166256,0.10641992,10
bn_0986,1,0,A_organic,0.840276,0.014941692,4
bn_0987,0,0,A_organic,0.7193016,0.048922896,5
bn_0988,0,0,A_organic,0.7891305,0.021330535,6
bn_0990,1,0,A_organic,0.86670977,0.060322046,3
bn_0991,1,0,A_organic,0.8165651,0.08890498,9
bn_0992,1,0,A_organic,0.89716315,0.09202391,3
bn_0993,0,0,A_organic,0.76198065,0.08892715,6
bn_0994,0,0,A_organic,0.8357204,0.021814406,10
bn_0995,0,0,A_organic,0.7115714,0.09089106,11
bn_0996,1,0,A_organic,0.91862994,0.11088377,4
bn_0997,1,0,A_organic,0.85875374,0.10907674,9
bn_0998,0,0,A_organic,0.72808665,0.07377404,11
bn_0999,0,1,A_organic,0.80030334,0.013656974,13
bn_1000,0,1,A_organic,0.7778714,0.032450378,7
bn_1001,0,1,A_organic,0.7264345,0.101198256,40
bn_1002,0,1,A_organic,0.7894413,0.048063874,9
bn_1003,0,1,A_organic,0.77018565,0.058092773,8
bn_1004,0,1,A_organic,0.7098934,0.12571007,27
bn_1005,0,1,A_organic,0.8026799,0.092280924,29
bn_1006,0,1,A_organic,0.82741886,0.039568305,21
bn_1007,0,1,A_organic,0.7863833,0.06142068,53
bn_1008,0,1,A_organic,0.76670957,0.0955556,6
bn_1009,0,1,A_organic,0.7582379,0.10637939,21
bn_1011,0,1,A_organic,0.89390796,0.013343155,8
bn_1012,0,1,A_organic,0.79883415,0.07576108,16
bn_1013,1,1,A_organic,0.8865275,0.011045516,9
bn_1015,0,1,A_organic,0.7875224,0.031010449,6
bn_1016,0,1,A_organic,0.6700163,0.06884432,4
bn_1017,0,1,A_organic,0.64529896,0.15030837,21
bn_1018,1,1,A_organic,0.8616471,0.021856546,9
bn_1020,0,1,A_organic,0.6758813,0.12340301,10
bn_1021,0,1,A_organic,0.81674093,0.08688402,13
bn_1022,0,1,A_organic,0.74310493,0.06173581,12
bn_1023,0,1,A_organic,0.7704772,0.06819028,25
bn_1024,0,1,A_organic,0.84022987,0.07593995,7
bn_1025,0,1,A_organic,0.6711463,0.16607481,19
bn_1026,0,1,A_organic,0.6711085,0.15842599,4
bn_1027,0,1,A_organic,0.8727414,0.0060822368,12
bn_1028,0,1,A_organic,0.68642443,0.17650092,14
bn_1029,0,1,A_organic,0.83351445,0.03461814,21
bn_1030,0,1,A_organic,0.77363986,0.08423352,21
bn_1031,0,1,A_organic,0.72968966,0.099603236,27
bn_1032,0,1,A_organic,0.8250873,0.031594932,13
bn_1033,0,1,A_organic,0.77733773,0.1055581,13
bn_1034,0,1,A_organic,0.72159624,0.082169294,5
bn_1035,0,1,A_organic,0.72619486,0.073014736,8
bn_1036,1,1,A_organic,0.8231755,0.032022297,9
bn_1037,0,1,A_organic,0.81049347,0.026517391,7
bn_1039,0,1,A_organic,0.7088174,0.089009285,15
bn_1040,1,1,A_organic,0.9145868,0.046711564,7
bn_1041,0,1,A_organic,0.7780815,0.1012705,13
bn_1042,0,1,A_organic,0.7472108,0.094848335,12
bn_1043,1,1,A_organic,0.9394009,0.051864624,9
bn_1044,0,1,A_organic,0.7727924,0.06722927,17
bn_1045,0,1,A_organic,0.78922033,0.053340852,27
bn_1046,1,1,A_organic,0.86803967,0.000983119,11
bn_1047,0,1,A_organic,0.7379282,0.12439442,14
bn_1048,0,1,A_organic,0.7395948,0.10071695,14
bn_1049,0,1,A_organic,0.73679924,0.09995717,5
bn_1050,0,1,A_organic,0.70158994,0.14492184,12
bn_1051,0,1,A_organic,0.81448114,0.051193178,10
bn_1052,0,1,A_organic,0.7346517,0.079645395,8
bn_1053,1,1,A_organic,0.9242486,0.094931126,3
bn_1054,1,1,A_organic,0.86899817,0.005821526,9
bn_1055,0,1,A_organic,0.61601216,0.11631954,4
bn_1056,0,1,A_organic,0.6204148,0.13621658,4
bn_1057,1,1,A_organic,0.837211,0.018983305,6
bn_1058,0,1,A_organic,0.7835096,0.04393685,15
bn_1059,0,1,A_organic,0.6847258,0.1375311,11
bn_1060,0,1,A_organic,0.7647483,0.08395177,12
bn_1061,1,1,A_organic,0.8933566,0.0152333975,9
bn_1062,0,1,A_organic,0.6895724,0.1268112,10
bn_1063,0,1,A_organic,0.8471632,0.035241246,9
bn_1064,0,1,A_organic,0.8670291,0.037960112,15
bn_1065,0,1,A_organic,0.79995453,0.065823615,5
bn_1066,0,1,A_organic,0.7739704,0.06747562,8
bn_1067,1,1,A_organic,0.9411512,0.0033538342,9
bn_1068,0,1,A_organic,0.88682973,0.08384299,15
bn_1069,1,1,A_organic,0.9961925,0.04711753,12
bn_1070,0,1,A_organic,0.8729364,0.04281956,6
bn_1071,0,1,A_organic,0.8763576,0.023468196,7
bn_1072,0,1,A_organic,0.75972635,0.11857134,7
bn_1073,1,1,A_organic,0.9663479,0.02604568,17
bn_1074,0,1,A_organic,0.77714777,0.072205305,17
bn_1075,1,1,A_organic,0.9301109,0.03993857,8
bn_1076,0,1,A_organic,0.9149414,0.008535385,22
bn_1077,0,1,A_organic,0.843256,0.037419498,22
bn_1078,0,1,A_organic,0.9024555,0.053371787,16
bn_1079,0,1,A_organic,0.8883272,0.003704071,8
bn_1080,0,1,A_organic,0.79475564,0.061351538,23
bn_1081,0,1,A_organic,0.73795354,0.077801704,8
bn_1082,0,1,A_organic,0.6448645,0.16720533,31
bn_1083,1,1,A_organic,0.85433954,0.030080378,4
bn_1084,0,1,A_organic,0.6434678,0.1728316,8
bn_1085,1,1,A_organic,0.8576979,0.04490298,13
bn_1086,0,1,A_organic,0.7594361,0.088366866,11
bn_1087,0,1,A_organic,0.81325024,0.0045131445,11
bn_1088,0,1,A_organic,0.7738611,0.07865429,30
bn_1089,0,1,A_organic,0.7380309,0.005329728,6
bn_1090,1,1,A_organic,0.8866807,0.001606524,21
bn_1091,0,1,A_organic,0.84801453,0.027613997,13
bn_1092,0,1,A_organic,0.778744,0.07258028,21
bn_1093,1,1,A_organic,0.92818874,0.03593117,13
bn_1094,0,1,A_organic,0.7042554,0.09850651,15
bn_1095,0,1,A_organic,0.7153235,0.07693547,6
bn_1096,0,1,A_organic,0.6327697,0.13312775,5
bn_1097,0,1,A_organic,0.66444093,0.13710624,8
bn_1098,1,1,A_organic,0.84641945,0.062618315,3
bn_1099,1,1,A_organic,0.9460529,0.016568244,5
bn_1100,1,1,A_organic,0.81721985,0.004102826,22
bn_1101,0,1,A_organic,0.8886256,0.01518476,25
bn_1102,0,1,A_organic,0.68987125,0.11102557,21
bn_1103,0,1,A_organic,0.70855427,0.1098851,22
bn_1104,0,1,A_organic,0.97341627,0.014568865,4
bn_1105,0,1,A_organic,0.75772387,0.10945183,25
bn_1106,0,1,A_organic,0.7899192,0.08996272,34
bn_1107,0,1,A_organic,0.7696401,0.1113736,15
bn_1108,1,1,A_organic,0.93809825,0.05968702,23
bn_1109,1,1,A_organic,0.86572015,0.016405106,8
bn_1110,0,1,A_organic,0.7466968,0.12464571,16
bn_1111,0,1,A_organic,0.78508687,0.08524448,30
bn_1112,0,1,A_organic,0.8786282,0.050775707,9
bn_1113,1,1,A_organic,0.9179713,0.020922601,11
bn_1114,0,1,A_organic,0.69791365,0.15007383,8
bn_1115,0,1,A_organic,0.7282384,0.13626063,12
bn_1116,0,1,A_organic,0.72395796,0.13382858,5
bn_1117,0,1,A_organic,0.7686471,0.08388424,22
bn_1118,0,1,A_organic,0.81110513,0.027797163,8
bn_1119,1,1,A_organic,0.9334323,0.026895523,11
bn_1120,0,1,A_organic,0.7307903,0.08206117,13
bn_1121,0,1,A_organic,0.8313361,0.028757334,18
bn_1122,0,1,A_organic,0.79143095,0.049066722,30
bn_1123,0,1,A_organic,0.6969699,0.10862535,24
bn_1124,0,1,A_organic,0.88568765,0.018715084,12
bn_1125,0,1,A_organic,0.8706105,0.015289187,19
bn_1126,0,1,A_organic,0.79699486,0.05042851,20
bn_1127,0,1,A_organic,0.7181907,0.14306277,23
bn_1128,0,1,A_organic,0.8038279,0.06385636,18
bn_1129,1,1,A_organic,0.90127707,0.014890969,44
bn_1130,0,1,A_organic,0.6940628,0.114676595,15
bn_1131,0,1,A_organic,0.65648806,0.17187524,18
bn_1132,0,1,A_organic,0.82278323,0.06670165,11
bn_1133,0,1,A_organic,0.86904234,0.014569879,28
bn_1134,0,1,A_organic,0.81952107,0.05675769,49
bn_1135,0,1,A_organic,0.77211297,0.062613785,22
bn_1136,0,1,A_organic,0.74702454,0.051188886,12
bn_1137,1,1,A_organic,0.8250308,0.040365636,8
bn_1138,1,1,A_organic,0.8882697,0.026846588,5
bn_1140,0,1,A_organic,0.85817975,0.057670772,60
bn_1141,0,1,A_organic,0.8915591,0.037878215,11
bn_1142,0,1,A_organic,0.691021,0.13607192,22
bn_1143,1,1,A_organic,0.8800696,0.050191224,21
bn_1144,0,1,A_organic,0.7924099,0.10029501,17
bn_1145,1,1,A_organic,0.94745886,0.014520347,29
bn_1146,0,1,A_organic,0.7525431,0.084453106,16
bn_1147,0,1,A_organic,0.7767494,0.087288916,9
bn_1148,0,1,A_organic,0.83788395,0.063623905,14
bn_1149,0,1,A_organic,0.7814885,0.11039686,32
bn_1150,0,1,A_organic,0.7073928,0.12839735,17
bn_1151,0,1,A_organic,0.6289517,0.16807336,7
bn_1152,0,1,A_organic,0.6190764,0.19104701,19
bn_1153,0,1,A_organic,0.79425174,0.014932096,5
bn_1154,0,1,A_organic,0.7277885,0.0782755,4
bn_1155,1,1,A_organic,0.92344433,0.09445113,3
bn_1156,0,1,A_organic,0.72701657,0.11596328,9
bn_1157,1,1,A_organic,0.88449675,0.04341036,13
bn_1158,0,1,A_organic,0.81196237,0.06420964,18
bn_1159,0,1,A_organic,0.7663294,0.10443926,18
bn_1160,1,1,A_organic,0.9337568,0.004800439,14
bn_1161,0,1,A_organic,0.765988,0.06445211,10
bn_1162,0,1,A_organic,0.79882646,0.031629562,16
bn_1163,0,1,A_organic,0.68629056,0.12492174,7
bn_1164,0,1,A_organic,0.7224779,0.11963004,8
bn_1165,0,1,A_organic,0.8308051,0.011963904,28
bn_1166,0,1,A_organic,0.915217,0.016634941,7
bn_1167,0,1,A_organic,0.7833883,0.098793864,26
bn_1168,0,1,A_organic,0.61391526,0.18357724,4
bn_1169,0,1,A_organic,0.73341423,0.119347036,11
bn_1170,1,1,A_organic,0.9599293,0.025662363,12
bn_1171,0,1,A_organic,0.76503336,0.077022195,17
bn_1172,0,1,A_organic,0.74245197,0.09275359,20
bn_1173,0,1,A_organic,0.82986665,0.07500768,20
bn_1174,0,1,A_organic,0.72459406,0.12008381,24
bn_1175,1,1,A_organic,1.0320659,0.08444655,7
bn_1176,0,1,A_organic,0.8611701,0.03853011,12
bn_1177,0,1,A_organic,0.70327044,0.1280098,8
bn_1178,0,1,A_organic,0.73603046,0.07169926,20
bn_1179,0,1,A_organic,0.74229103,0.112410724,29
bn_1180,0,1,A_organic,0.73629373,0.11148369,7
bn_1181,0,1,A_organic,0.75650203,0.09059274,18
bn_1182,0,1,A_organic,0.7810129,0.08466512,16
bn_1183,0,1,A_organic,0.76612127,0.004688263,7
bn_1184,0,1,A_organic,0.6738924,0.12629801,18
bn_1185,1,1,A_organic,0.8823808,0.056191206,7
bn_1186,0,1,A_organic,0.7868396,0.09328991,6
bn_1187,0,1,A_organic,0.8158583,0.07014674,49
bn_1188,0,1,A_organic,0.7912643,0.09476161,10
bn_1190,0,1,A_organic,0.87248594,0.053366184,16
bn_1191,0,1,A_organic,0.7878711,0.05811113,3
bn_1192,1,1,A_organic,0.8336651,0.05278617,22
bn_1193,1,1,A_organic,0.89461505,0.054753184,14
bn_1194,1,1,A_organic,0.95009804,0.089547634,12
bn_1195,0,1,A_organic,0.694038,0.14911038,10
bn_1196,1,1,A_organic,0.86353993,0.038671076,28
bn_1197,0,1,A_organic,0.7378086,0.09101623,13
bn_1198,0,1,A_organic,0.75873375,0.0529297,8
bn_1199,0,1,A_organic,0.7720889,0.051126957,16
bn_1200,0,1,A_organic,0.7682916,0.028880477,9
bn_1201,0,1,A_organic,0.7671333,0.08615857,9
bn_1202,0,1,A_organic,0.7848064,0.087174475,21
bn_1203,0,1,A_organic,0.7505295,0.09414244,16
bn_1204,0,1,A_organic,0.69472355,0.084542274,6
bn_1205,1,1,A_organic,0.8053381,0.087513566,8
bn_1206,0,1,A_organic,0.72386676,0.09508222,8
bn_1207,0,1,A_organic,0.69303817,0.11565751,9
bn_1208,0,1,A_organic,0.7967098,0.049691975,4
bn_1209,1,1,A_organic,0.77788764,0.028977215,19
bn_1210,0,1,A_organic,0.6184847,0.13425326,4
bn_1211,0,1,A_organic,0.6699774,0.13592458,8
bn_1212,0,1,A_organic,0.89539987,0.0141429305,18
bn_1213,0,1,A_organic,0.7739344,0.091124296,3
bn_1214,0,1,A_organic,0.75144076,0.061860085,8
bn_1215,0,1,A_organic,0.86785305,0.0041177273,28
bn_1216,0,1,A_organic,0.8690682,0.033860862,10
bn_1217,0,1,A_organic,0.79088295,0.07361925,20
bn_1218,0,1,A_organic,0.85583305,0.011826336,69
bn_1219,0,1,A_organic,0.82206017,0.044484258,36
bn_1220,0,1,A_organic,0.8648414,0.011790216,14
bn_1221,1,1,A_organic,0.93368703,0.0017282963,11
bn_1222,0,1,A_organic,0.86792994,0.0054168105,13
bn_1223,0,1,A_organic,0.832139,0.043991566,11
bn_1224,1,1,A_organic,0.8507564,0.010783255,13
bn_1225,0,1,A_organic,0.6793901,0.118347704,28
bn_1226,0,1,A_organic,0.7669247,0.09650403,15
bn_1227,0,1,A_organic,0.6648795,0.14871347,10
bn_1228,0,1,A_organic,0.7768688,0.09328729,22
bn_1229,0,1,A_organic,0.640744,0.15341413,18
bn_1232,1,1,A_organic,0.98608965,0.14360636,6
bn_1233,1,1,A_organic,0.85479766,0.05483681,6
bn_1234,1,1,A_organic,0.86083925,0.090149105,5
bn_1235,1,1,A_organic,0.8827901,0.055636704,4
bn_1236,1,1,A_organic,0.8520211,0.028987288,4
bn_1237,0,1,A_organic,0.60104954,0.12516487,3
bn_1238,1,1,A_organic,0.82573634,0.047311008,3
bn_1239,1,1,A_organic,0.8678958,0.041089118,5
bn_1241,1,1,A_organic,0.7824364,0.074911,4
bn_1242,1,1,A_organic,0.89395905,0.08490515,3
bn_1243,1,1,A_organic,0.80798787,0.073838055,4
bn_1244,1,1,A_organic,0.8205856,0.11546403,6
bn_1246,1,1,A_organic,0.93489444,0.102951646,4
bn_1249,1,1,A_organic,0.8312332,0.12607765,4
bn_1251,0,1,A_organic,0.9214209,0.0011923909,5
bn_1252,1,1,A_organic,0.89580053,0.083808005,5
bn_1253,0,1,A_organic,0.89559036,0.01368767,6
bn_1254,1,1,A_organic,0.9261307,0.09804851,4
bn_1255,0,1,A_organic,0.76103944,0.09716141,8
bn_1256,0,1,A_organic,0.72843003,0.13227427,16
bn_1257,0,1,A_organic,0.86919606,0.046932757,25
bn_1258,0,1,A_organic,0.797029,0.0806936,24
bn_1259,1,1,A_organic,0.91233003,0.0129541755,5
bn_1260,0,1,A_organic,0.75335634,0.11819643,15
bn_1261,1,1,A_organic,0.96546173,0.006861806,7
bn_1262,0,1,A_organic,0.7620843,0.077975094,21
bn_1263,0,1,A_organic,0.7640911,0.03994757,11
bn_1264,0,1,A_organic,0.76398736,0.07772696,9
bn_1265,0,1,A_organic,0.87708354,0.0016812086,8
bn_1266,0,1,A_organic,0.88072157,0.04278952,9
bn_1267,1,1,A_organic,0.79818547,0.017068982,6
bn_1268,0,1,A_organic,0.78406143,0.055387557,16
bn_1269,0,1,A_organic,0.71129334,0.115171015,7
bn_1270,0,1,A_organic,0.7413568,0.046716392,11
bn_1271,0,1,A_organic,0.7057798,0.07646316,4
bn_1272,1,1,A_organic,0.91387993,0.0076184273,11
bn_1273,0,1,A_organic,0.8060229,0.025458217,16
bn_1274,0,1,A_organic,0.6383523,0.17954248,12
bn_1275,0,1,A_organic,0.8109008,0.10157931,9
bn_1276,0,1,A_organic,0.65648925,0.14519614,9
bn_1277,1,1,A_organic,0.8302901,0.016618311,15
bn_1278,0,1,A_organic,0.87236476,0.0020635724,23
bn_1279,0,1,A_organic,0.7293582,0.094422996,10
bn_1280,0,1,A_organic,0.6839639,0.12384677,12
bn_1281,0,1,A_organic,0.8735746,0.025216818,15
bn_1282,0,1,A_organic,0.76048046,0.104459524,18
bn_1283,0,1,A_organic,0.82575065,0.08813453,17
bn_1284,0,1,A_organic,0.85623044,0.036473334,20
bn_1285,0,1,A_organic,0.6659373,0.09518939,7
bn_1286,0,1,A_organic,0.707141,0.13160849,10
bn_1287,0,1,A_organic,0.8364713,0.054761052,21
bn_1288,0,1,A_organic,0.7889308,0.12224609,19
bn_1289,0,1,A_organic,0.74070954,0.13642925,10
bn_1290,0,1,A_organic,0.72149724,0.100361764,5
bn_1291,0,1,A_organic,0.8176079,0.05193132,10
bn_1292,0,1,A_organic,0.7247072,0.080887854,24
bn_1293,0,1,A_organic,0.8306818,0.07126671,14
bn_1294,0,1,A_organic,0.78580284,0.053756356,16
bn_1295,0,1,A_organic,0.69171757,0.12827176,9
bn_1296,0,1,A_organic,0.6580556,0.11481744,5
bn_1297,0,1,A_organic,0.8295496,0.0040400624,27
bn_1298,0,1,A_organic,0.6589179,0.11562848,4
bn_1301,0,1,A_organic,0.70146346,0.08791977,4
bn_1303,0,1,A_organic,0.64787287,0.14202142,9
bn_1304,0,1,A_organic,0.8369161,0.043736637,8
bn_1305,0,1,A_organic,0.8565563,0.01917553,21
bn_1306,0,1,A_organic,0.74183416,0.08511573,8
bn_1307,0,1,A_organic,0.6240269,0.11733985,3
bn_1308,1,1,A_organic,0.9288701,0.077983975,5
bn_1309,0,1,A_organic,0.68118346,0.10805708,5
bn_1310,1,1,A_organic,0.87012047,0.12369162,4
bn_1311,1,1,A_organic,0.8710259,0.09217316,3
bn_1312,0,1,A_organic,0.6399508,0.09569603,7
bn_1313,0,1,A_organic,0.7079278,0.09224725,13
bn_1314,1,1,A_organic,0.89676887,0.048996568,5
bn_1315,1,1,A_organic,0.8034965,0.022489786,6
bn_1316,0,1,A_organic,0.8602442,0.014234662,21
bn_1317,0,1,A_organic,0.82102793,0.06313878,13
bn_1318,1,1,A_organic,0.8984116,0.009673238,4
bn_1319,0,1,A_organic,0.7048599,0.092758,6
bn_1321,1,1,A_organic,0.87855196,0.060415506,3
bn_1322,1,1,A_organic,0.95955145,0.078935385,5
bn_1323,1,1,A_organic,0.9493864,0.096181095,5
bn_1324,0,1,A_organic,0.64975333,0.13279283,3
bn_1325,0,1,A_organic,0.8006449,0.0336259,14
bn_1326,0,1,A_organic,0.80873984,0.0472157,14
bn_1327,0,1,A_organic,0.75527406,0.084664345,17
bn_1328,1,1,A_organic,0.9264566,0.027415574,16
bn_1329,0,1,A_organic,0.7699625,0.043766975,5
bn_1330,0,1,A_organic,0.82268506,0.0140039325,5
bn_1331,1,1,A_organic,0.8979941,0.06550747,5
bn_1332,0,1,A_organic,0.80174804,0.02640146,5
bn_1333,1,1,A_organic,0.9099114,0.09389615,4
bn_1334,1,1,A_organic,0.9223633,0.0375399,4
bn_1335,0,1,A_organic,0.62810886,0.15729898,9
bn_1336,0,1,A_organic,0.81032085,0.054931045,30
bn_1337,0,1,A_organic,0.71808153,0.096829355,4
bn_1338,0,1,A_organic,0.73203987,0.1433639,6
bn_1339,0,1,A_organic,0.72277784,0.14545226,9
bn_1340,1,1,A_organic,0.9562508,0.020575762,11
bn_1341,0,1,A_organic,0.7957986,0.1020174,24
bn_1342,1,1,A_organic,0.80082685,0.06995791,6
bn_1343,0,1,A_organic,0.7991075,0.045770526,28
bn_1344,0,1,A_organic,0.7755273,0.10195112,24
bn_1345,0,1,A_organic,0.66247237,0.16624838,14
bn_1346,0,1,A_organic,0.75608706,0.067644835,3
bn_1347,0,1,A_organic,0.834138,0.06519258,11
bn_1348,0,1,A_organic,0.86184675,0.036951065,28
bn_1349,0,1,A_organic,0.8247983,0.06363505,36
bn_1350,0,1,A_organic,0.7968016,0.051176667,28
bn_1351,1,1,A_organic,0.84273785,0.0047267675,8
bn_1352,0,1,A_organic,0.61281645,0.14862424,3
bn_1353,0,1,A_organic,0.69006425,0.10007161,8
bn_1356,0,1,A_organic,0.7291716,0.122522,9
bn_1357,0,1,A_organic,0.79924536,0.07254988,13
bn_1358,0,1,A_organic,0.6127568,0.1553688,7
bn_1359,0,1,A_organic,0.75670534,0.09363562,8
bn_1360,0,1,A_organic,0.87472117,0.025123477,28
bn_1361,0,1,A_organic,0.81997746,0.055794477,13
bn_1362,0,1,A_organic,0.8467221,0.0807783,19
bn_1363,0,1,A_organic,0.75558275,0.085448146,21
bn_1364,0,1,A_organic,0.78480494,0.073186874,21
bn_1365,0,1,A_organic,0.75637144,0.087898314,6
bn_1366,0,1,A_organic,0.8320134,0.051195264,13
bn_1367,1,1,A_organic,0.8313657,0.006668091,23
bn_1368,0,1,A_organic,0.7449349,0.10689366,23
bn_1369,0,1,A_organic,0.7617537,0.08628619,9
bn_1370,0,1,A_organic,0.78496057,0.08926612,39
bn_1371,0,1,A_organic,0.9112561,0.0100774765,18
bn_1372,0,1,A_organic,0.90017784,0.009898424,18
bn_1373,0,1,A_organic,0.8050925,0.04669267,37
bn_1374,0,1,A_organic,0.71853566,0.103992105,13
bn_1375,0,1,A_organic,0.77970755,0.04589832,22
bn_1376,0,1,A_organic,0.78755915,0.03578973,32
bn_1377,1,1,A_organic,0.8422437,0.06063199,12
bn_1378,1,1,A_organic,0.9602878,0.060085416,5
bn_1379,1,1,A_organic,0.9597678,0.08857751,7
bn_1380,0,1,A_organic,0.7376881,0.102119446,42
bn_1381,0,1,A_organic,0.6347529,0.17342699,5
bn_1382,1,1,A_organic,0.9052348,0.030848622,15
bn_1383,0,1,A_organic,0.762634,0.110990226,9
bn_1384,1,1,A_organic,0.96092886,0.035930157,9
bn_1385,1,1,A_organic,0.9297508,0.056613028,12
bn_1386,0,1,A_organic,0.65168303,0.16550475,7
bn_1387,0,1,A_organic,0.84065837,0.009748399,3
bn_1388,0,1,A_organic,0.8866874,0.035159945,13
bn_1389,0,1,A_organic,0.8108202,0.061724782,6
bn_1390,1,1,A_organic,0.8901775,0.035649,4
bn_1391,0,1,A_organic,0.8344286,0.047599554,21
bn_1392,1,1,A_organic,0.93781465,0.07060534,8
bn_1393,1,1,A_organic,0.83315444,0.031196058,4
bn_1395,0,1,A_organic,0.7812378,0.046662748,16
bn_1396,0,1,A_organic,0.6655397,0.0580588,6
bn_1398,1,1,A_organic,0.82998735,0.009412885,23
bn_1399,1,1,A_organic,0.9660206,0.0027214289,18
bn_1400,0,1,A_organic,0.7641735,0.08659077,4
bn_1401,0,1,A_organic,0.7053075,0.12046921,11
bn_1402,0,1,A_organic,0.9098829,0.040185213,7
bn_1403,0,1,A_organic,0.846559,0.04926437,25
bn_1404,0,1,A_organic,0.80282736,0.10168731,13
bn_1405,1,1,A_organic,0.9769917,0.117322266,7
bn_1406,0,1,A_organic,0.73573184,0.10824329,18
bn_1407,0,1,A_organic,0.7509831,0.08333546,5
bn_1408,0,1,A_organic,0.82110894,0.0791527,11
bn_1409,0,1,A_organic,0.76265645,0.06674701,6
bn_1410,1,1,A_organic,0.9247233,0.0126440525,7
bn_1411,0,1,A_organic,0.75596035,0.08103436,14
bn_1412,0,1,A_organic,0.8093649,0.061602354,24
bn_1415,0,1,A_organic,0.76088256,0.09352404,20
bn_1416,0,1,A_organic,0.79795194,0.038320184,5
bn_1417,0,1,A_organic,0.7829645,0.10567051,27
bn_1419,1,1,A_organic,0.86651963,0.0018590093,13
bn_1420,0,1,A_organic,0.7727342,0.0182845,10
bn_1421,1,1,A_organic,0.85294944,0.0049176216,13
bn_1422,0,1,A_organic,0.6572555,0.145953,5
bn_1423,0,1,A_organic,0.8539685,0.03827685,54
bn_1424,1,1,A_organic,1.0006001,0.05507517,13
bn_1425,0,1,A_organic,0.72612447,0.08352071,10
bn_1426,0,1,A_organic,0.60504854,0.16335136,8
bn_1427,0,1,A_organic,0.8528841,0.029429972,56
bn_1429,0,1,A_organic,0.74115556,0.06352401,8
bn_1430,0,1,A_organic,0.6281835,0.15587354,11
bn_1431,0,1,A_organic,0.8162504,0.022411168,40
bn_1432,1,1,A_organic,0.96780443,0.040457368,24
bn_1433,1,1,A_organic,0.82574725,0.016977668,7
bn_1434,0,1,A_organic,0.766851,0.11718446,14
bn_1435,0,1,A_organic,0.6795226,0.11131835,23
bn_1436,0,1,A_organic,0.7017459,0.13434774,12
bn_1437,0,1,A_organic,0.6720921,0.15585047,12
bn_1438,1,1,A_organic,0.8660854,0.053854465,8
bn_1439,0,1,A_organic,0.831034,0.017103553,8
bn_1440,0,1,A_organic,0.6888245,0.119932115,5
bn_1441,1,1,A_organic,0.8309273,0.028722584,33
bn_1442,0,1,A_organic,0.944553,0.002100408,14
bn_1443,1,1,A_organic,0.7833633,0.045580983,13
bn_1444,0,1,A_organic,0.7464631,0.062488794,6
bn_1445,0,1,A_organic,0.6744476,0.12041479,13
bn_1446,0,1,A_organic,0.75195724,0.07512921,10
bn_1447,1,1,A_organic,0.87995064,0.053709567,12
bn_1448,0,1,A_organic,0.6710165,0.13188767,10
bn_1449,0,1,A_organic,0.8403187,0.053987265,15
bn_1450,1,1,A_organic,0.8980673,0.042076707,20
bn_1451,1,1,A_organic,0.9110382,0.08754116,4
bn_1452,0,1,A_organic,0.7191811,0.12352121,8
bn_1453,1,1,A_organic,0.8930479,0.01760757,6
bn_1455,1,1,A_organic,0.92122036,0.06847131,15
bn_1456,1,1,A_organic,0.92977464,0.027150154,17
bn_1457,0,1,A_organic,0.6778097,0.16071457,8
bn_1458,0,1,A_organic,0.82923776,0.041943192,7
bn_1459,1,1,A_organic,0.8237754,0.028547108,6
bn_1460,0,1,A_organic,0.6461695,0.13178581,10
bn_1461,0,1,A_organic,0.8349002,0.04355514,28
bn_1462,0,1,A_organic,0.7814988,0.08692044,38
bn_1463,1,1,A_organic,0.87328094,0.00604558,10
bn_1464,0,1,A_organic,0.847571,0.059724092,15
bn_1465,0,1,A_organic,0.78362256,0.047873735,6
bn_1466,0,1,A_organic,0.7545063,0.024367332,17
bn_1467,0,1,A_organic,0.63108504,0.14781082,3
bn_1468,0,1,A_organic,0.8565961,0.0660404,15
bn_1469,0,1,A_organic,0.7670343,0.059037626,19
bn_1470,0,1,A_organic,0.7651453,0.068784475,22
bn_1471,1,1,A_organic,0.834016,0.041772187,8
bn_1472,0,1,A_organic,0.81217027,0.03416854,8
bn_1473,0,1,A_organic,0.6824579,0.14998186,21
bn_1474,1,1,A_organic,0.89717007,0.048129976,4
bn_1475,0,1,A_organic,0.8284011,0.073281646,15
bn_1476,0,1,A_organic,0.6279828,0.13646144,3
bn_1477,0,1,A_organic,0.77810484,0.08512288,11
bn_1478,1,1,A_organic,0.8203244,0.021560669,27
bn_1479,0,1,A_organic,0.62062913,0.17736006,15
bn_1480,1,1,A_organic,0.91535014,0.028796792,26
bn_1484,0,1,A_organic,0.8247264,0.05807376,22
bn_1485,0,1,A_organic,0.8049755,0.09403837,20
bn_1486,0,1,A_organic,0.7248462,0.09850806,14
bn_1487,0,1,A_organic,0.73699445,0.072956145,12
bn_1488,1,1,A_organic,0.78717893,0.046743214,6
bn_1489,0,1,A_organic,0.6724611,0.1695829,8
bn_1490,1,1,A_organic,0.9003415,0.03895259,5
bn_1491,0,1,A_organic,0.71496505,0.11244315,28
bn_1492,0,1,A_organic,0.77721363,0.089102626,20
bn_1493,1,1,A_organic,0.8620874,0.028618693,28
bn_1494,0,1,A_organic,0.7398963,0.1246596,11
bn_1495,1,1,A_organic,0.8139938,0.02933228,13
bn_1496,0,1,A_organic,0.8112688,0.05824858,24
bn_1497,0,1,A_organic,0.7083922,0.10360646,11
bn_1498,1,1,A_organic,0.8029743,0.014484584,6
bn_1499,1,0,A_organic,0.83728606,0.032090247,12
bn_1500,1,0,A_organic,0.8101428,0.03550899,4
bn_1501,1,0,A_organic,0.8982462,0.025134921,14
bn_1502,0,0,A_organic,0.877558,0.061371386,11
bn_1503,1,0,A_organic,0.8729654,0.012871861,9
bn_1504,0,0,A_organic,0.80577415,0.07391447,9
bn_1505,0,0,A_organic,0.8283975,0.04011792,10
bn_1506,0,0,A_organic,0.8549052,0.0023070574,5
bn_1507,1,0,A_organic,0.82630175,0.023544312,7
bn_1508,1,0,A_organic,0.98863673,0.030204415,16
bn_1509,1,0,A_organic,0.86354893,0.009437561,16
bn_1510,0,0,A_organic,0.73468006,0.096949995,12
bn_1511,1,0,A_organic,0.9568087,0.038520753,23
bn_1512,0,0,A_organic,0.77657336,0.093753815,11
bn_1513,1,0,A_organic,0.8413179,0.040870607,29
bn_1514,0,0,A_organic,0.8313861,0.03493303,10
bn_1515,1,0,A_organic,0.8819261,0.08689141,5
bn_1516,0,0,A_organic,0.81012887,0.020234644,17
bn_1517,0,0,A_organic,0.8483403,0.020403504,10
bn_1519,1,0,A_organic,0.9606276,0.103669226,6
bn_1520,0,0,A_organic,0.85336787,0.05332017,13
bn_1521,0,0,A_organic,0.89908904,0.042461276,53
bn_1522,1,0,A_organic,0.9338992,0.019487381,14
bn_1523,0,0,A_organic,0.905103,0.022294044,17
bn_1524,1,0,A_organic,0.8038855,0.006778538,13
bn_1525,0,0,A_organic,0.77254796,0.066750646,10
bn_1526,0,0,A_organic,0.7911089,0.00553596,24
bn_1527,1,0,A_organic,0.88058025,0.074646115,6
bn_1528,1,0,A_organic,0.8640261,0.08943683,8
bn_1529,1,0,A_organic,0.88561994,0.019174099,19
bn_1530,0,0,A_organic,0.7565648,0.08823848,14
bn_1531,0,0,A_organic,0.7358499,0.11098933,8
bn_1532,1,0,A_organic,0.8248119,0.036658943,31
bn_1533,0,0,A_organic,0.7183725,0.06561357,12
bn_1534,1,0,A_organic,0.816116,0.07359308,17
bn_1535,1,0,A_organic,0.90331036,0.034147322,28
bn_1536,1,0,A_organic,0.96387595,0.09709436,7
bn_1538,1,0,A_organic,0.92583036,0.050352335,24
bn_1539,1,0,A_organic,0.887509,0.07733804,6
bn_1540,1,0,A_organic,0.9318881,0.020810664,37
bn_1541,0,0,A_organic,0.8119521,0.017584205,21
bn_1542,1,0,A_organic,0.82381296,0.11686367,9
bn_1543,1,0,A_organic,0.94805825,0.08040333,5
bn_1544,1,0,A_organic,0.82928944,0.049895644,7
bn_1545,0,0,A_organic,0.85627216,0.014964581,10
bn_1546,0,0,A_organic,0.7973622,0.072384775,13
bn_1547,0,0,A_organic,0.9517168,0.029614985,15
bn_1548,1,0,A_organic,0.84646016,0.06759292,5
bn_1549,0,0,A_organic,0.78941536,0.045660615,18
bn_1550,0,0,A_organic,0.7933947,0.062357366,19
bn_1551,1,0,A_organic,0.85492265,0.11550617,3
bn_1552,0,0,A_organic,0.7179154,0.0721432,8
bn_1553,1,0,A_organic,1.0149249,0.09879577,3
bn_1554,1,0,A_organic,1.003101,0.069527626,5
bn_1555,1,0,A_organic,0.8454871,0.04710251,5
bn_1556,1,0,A_organic,0.79376817,0.023614347,7
bn_1557,1,0,A_organic,0.88717705,0.09337616,5
bn_1558,1,0,A_organic,0.83319795,0.057211637,5
bn_1559,1,0,A_organic,0.9236836,0.09097797,5
bn_1560,0,0,A_organic,0.82324314,0.004904151,9
bn_1561,0,0,A_organic,0.8607529,0.053182244,3
bn_1562,1,0,A_organic,0.92571723,0.04917544,9
bn_1563,0,0,A_organic,0.7382391,0.11039877,12
bn_1564,1,0,A_organic,0.8876806,0.13868839,5
bn_1565,1,0,A_organic,0.8734675,0.017880082,11
bn_1566,0,0,A_organic,0.7833762,0.018726826,25
bn_1568,0,0,A_organic,0.7878576,0.054441094,11
bn_1569,1,0,A_organic,0.945018,0.0071264505,7
bn_1570,0,0,A_organic,0.8171216,0.007952988,5
bn_1571,1,0,A_organic,0.9116304,0.10272622,6
bn_1572,0,0,A_organic,0.7175948,0.032199025,3
bn_1575,1,0,A_organic,0.90509284,0.017875016,3
bn_1576,1,0,A_organic,0.9605069,0.08823991,8
bn_1578,0,0,A_organic,0.7387811,0.07677275,6
bn_1579,1,0,A_organic,0.96508336,0.049906015,18
bn_1580,0,0,A_organic,0.7417976,0.016699374,12
bn_1581,1,0,A_organic,0.7950279,0.019646108,5
bn_1582,0,0,A_organic,0.84446913,0.053127706,13
bn_1583,1,0,A_organic,0.9792577,0.069597244,14
bn_1585,0,0,A_organic,0.8481164,0.07008499,3
bn_1586,1,0,A_organic,0.83737767,0.114424765,4
bn_1587,0,0,A_organic,0.77620625,0.0659526,5
bn_1588,1,0,A_organic,0.9612965,0.047384083,25
bn_1589,0,0,A_organic,0.8240886,0.037932396,10
bn_1590,0,0,A_organic,0.8543355,0.026423037,6
bn_1591,1,0,A_organic,0.98859775,0.0820235,5
bn_1592,1,0,A_organic,0.91782093,0.06482011,3
bn_1593,0,0,A_organic,0.7552458,0.06308836,12
bn_1594,1,0,A_organic,0.92356354,0.10378569,6
bn_1595,1,0,A_organic,0.8364941,0.08540928,10
bn_1596,1,0,A_organic,0.9593376,0.12494433,6
bn_1597,1,0,A_organic,0.9802392,0.080064714,21
bn_1598,0,0,A_organic,0.9307487,0.012250483,10
bn_1599,0,0,A_organic,0.814539,0.050760567,31
bn_1600,1,0,A_organic,0.9150605,0.043456495,10
bn_1601,0,0,A_organic,0.8648555,0.030507982,5
bn_1602,1,0,A_organic,0.7898144,0.016061008,5
bn_1603,1,0,A_organic,0.9523577,0.108698666,3
bn_1604,1,0,A_organic,0.877137,0.0720858,8
bn_1605,1,0,A_organic,0.8106422,0.09444493,7
bn_1606,1,0,A_organic,0.8026964,0.13865787,3
bn_1607,0,0,A_organic,0.88109285,0.031933665,4
bn_1608,1,0,A_organic,0.8997783,0.056936502,3
bn_1609,1,0,A_organic,0.96799684,0.09993458,6
bn_1610,1,0,A_organic,0.85077125,0.13557833,3
bn_1611,1,0,A_organic,0.8589991,0.08423227,5
bn_1612,1,0,A_organic,1.01711,0.112131,3
bn_1613,1,0,A_organic,0.9534144,0.12132484,5
bn_1614,0,0,A_organic,0.7086486,0.046988606,7
bn_1616,1,0,A_organic,0.9158141,0.07034123,4
bn_1617,1,0,A_organic,0.84081846,0.097064316,4
bn_1618,1,0,A_organic,0.9406852,0.0924111,6
bn_1619,1,0,A_organic,0.8153561,0.062387764,3
bn_1620,1,0,A_organic,0.81528854,0.06879276,7
bn_1621,0,0,A_organic,0.86898035,0.024278581,10
bn_1622,0,0,A_organic,0.78791255,0.012286127,4
bn_1623,1,0,A_organic,0.9458787,0.08932346,3
bn_1624,0,0,A_organic,0.8023108,0.061240196,8
bn_1625,1,0,A_organic,0.7689823,0.109911084,7
bn_1626,1,0,A_organic,0.91975796,0.096256614,3
bn_1627,1,0,A_organic,0.82349354,0.13095921,5
bn_1629,0,0,A_organic,0.86953187,0.018117666,7
bn_1630,0,0,A_organic,0.6966305,0.10997957,9
bn_1631,1,0,A_organic,0.8516541,0.08559626,3
bn_1633,0,0,A_organic,0.815579,0.0212183,8
bn_1634,1,0,A_organic,0.8879971,0.011737406,3
bn_1635,0,0,A_organic,0.75826883,0.05520904,15
bn_1636,0,0,A_organic,0.8063163,0.0030084252,8
bn_1637,0,0,A_organic,0.9669713,0.035888553,5
bn_1638,0,0,A_organic,0.81422454,0.034748197,4
bn_1639,1,0,A_organic,0.93242186,0.09210378,11
bn_1640,1,0,A_organic,0.87517476,0.006956041,13
bn_1641,0,0,A_organic,0.8247847,0.04214269,3
bn_1643,1,0,A_organic,0.99721014,0.06453729,3
bn_1644,1,0,A_organic,0.8815574,0.096806586,7
bn_1645,1,0,A_organic,0.8616893,0.09588343,4
bn_1647,0,0,A_organic,0.7933932,0.052560568,11
bn_1648,0,0,A_organic,0.8476125,0.009556651,17
bn_1649,0,0,A_organic,0.69886404,0.1008786,17
bn_1650,1,0,A_organic,0.85864234,0.03602189,16
bn_1651,0,0,A_organic,0.73342264,0.08233279,6
bn_1652,1,0,A_organic,0.7669945,0.077911675,3
bn_1653,1,0,A_organic,0.98794836,0.06265098,13
bn_1654,1,0,A_organic,0.92805976,0.0054816008,5
bn_1655,0,0,A_organic,0.7120113,0.13834333,7
bn_1656,1,0,A_organic,0.88332665,0.044999838,9
bn_1657,0,0,A_organic,0.82228446,0.038009346,4
bn_1658,1,0,A_organic,0.90606666,0.08793682,7
bn_1659,0,0,A_organic,0.82877564,0.061397314,3
bn_1660,1,0,A_organic,0.896489,0.055661917,24
bn_1661,1,0,A_organic,1.045507,0.1058265,16
bn_1662,0,0,A_organic,0.74945956,0.10250169,17
bn_1663,1,0,A_organic,0.9389881,0.01916492,8
bn_1664,1,0,A_organic,0.93192244,0.01726067,4
bn_1665,1,0,A_organic,0.9140607,0.024215043,8
bn_1666,0,0,A_organic,0.8084923,0.052544713,7
bn_1667,1,0,A_organic,0.91025823,0.04208219,17
bn_1668,0,0,A_organic,0.76640475,0.078583896,13
bn_1669,0,0,A_organic,0.87864053,0.015244901,5
bn_1670,1,0,A_organic,0.8705207,0.09260857,4
bn_1671,1,0,A_organic,0.86180764,0.015237391,16
bn_1672,1,0,A_organic,0.93502635,0.07154423,9
bn_1673,1,0,A_organic,0.81080115,0.046661735,5
bn_1674,0,0,A_organic,0.86970156,0.006557822,6
bn_1675,0,0,A_organic,0.8087046,0.038803577,6
bn_1676,0,0,A_organic,0.8517111,0.072947145,6
bn_1677,1,0,A_organic,0.7961396,0.11994988,4
bn_1678,1,0,A_organic,1.0009581,0.03218174,8
bn_1679,1,0,A_organic,0.8647215,0.0025301576,6
bn_1680,1,0,A_organic,0.890737,0.046614885,3
bn_1681,1,0,A_organic,0.93393403,0.047118604,6
bn_1682,0,0,A_organic,0.6877282,0.105312586,8
bn_1683,1,0,A_organic,0.8982081,0.06463909,5
bn_1684,1,0,A_organic,0.8660136,0.025491834,6
bn_1685,0,0,A_organic,0.8362376,0.01835668,17
bn_1686,1,0,A_organic,0.94281346,0.045540214,4
bn_1687,0,0,A_organic,0.90843,0.023771167,7
bn_1688,0,0,A_organic,0.8808796,0.018916845,8
bn_1689,1,0,A_organic,0.8259173,0.0477072,12
bn_1690,1,0,A_organic,0.8686214,0.04427111,11
bn_1691,1,0,A_organic,1.0306635,0.118346214,5
bn_1692,1,0,A_organic,0.8579971,0.05321181,15
bn_1693,1,0,A_organic,0.9681708,0.040416062,15
bn_1694,0,0,A_organic,0.7451169,0.07195097,4
bn_1695,1,0,A_organic,1.010495,0.07930422,8
bn_1696,1,0,A_organic,0.9035173,0.02492106,10
bn_1697,1,0,A_organic,0.8794318,0.009392381,12
bn_1698,0,0,A_organic,0.9691895,0.0107342005,15
bn_1699,1,0,A_organic,0.9459224,0.053775966,10
bn_1700,1,0,A_organic,0.93468076,0.08344716,10
bn_1701,0,0,A_organic,0.986781,0.014438987,10
bn_1702,0,0,A_organic,0.80915123,0.019968033,6
bn_1703,0,0,A_organic,0.83177656,0.021740556,15
bn_1704,1,0,A_organic,0.97065794,0.082093716,23
bn_1705,0,0,A_organic,0.8207499,0.062188923,7
bn_1706,1,0,A_organic,0.8241627,0.07367176,6
bn_1707,0,0,A_organic,0.79138047,0.09656435,5
bn_1708,1,0,A_organic,0.84612375,0.05487764,7
bn_1709,1,0,A_organic,0.963293,0.11785394,3
bn_1710,1,0,A_organic,0.8450565,0.07916874,5
bn_1712,1,0,A_organic,0.89437854,0.0714584,4
bn_1713,1,0,A_organic,0.9425507,0.08071083,8
bn_1714,1,0,A_organic,0.93334717,0.09277493,4
bn_1715,1,0,A_organic,0.82245535,0.07634008,5
bn_1716,1,0,A_organic,0.89881074,0.015716016,9
bn_1717,1,0,A_organic,0.9355525,0.060052276,8
bn_1718,0,0,A_organic,0.94771314,0.004556477,7
bn_1719,1,0,A_organic,0.95335543,0.018855631,25
bn_1720,1,0,A_organic,0.90454173,0.019528568,23
bn_1721,1,0,A_organic,0.9406312,0.108112276,5
bn_1722,0,0,A_organic,0.87188905,0.056766212,15
bn_1723,1,0,A_organic,0.9283771,0.06958789,9
bn_1724,1,0,A_organic,0.9007989,0.0063693523,7
bn_1725,1,0,A_organic,0.9613819,0.06506741,6
bn_1727,0,0,A_organic,0.7978093,0.06390351,4
bn_1728,1,0,A_organic,0.79203176,0.05498296,3
bn_1729,0,0,A_organic,0.72906554,0.052445054,8
bn_1730,1,0,A_organic,0.82544535,0.13045305,3
bn_1731,1,0,A_organic,0.9013491,0.10469109,3
bn_1732,0,0,A_organic,0.7591256,0.07039964,8
bn_1733,1,0,A_organic,0.90185034,0.0048782825,20
bn_1734,1,0,A_organic,0.91207194,0.10953355,6
bn_1735,0,0,A_organic,0.7287463,0.0739153,6
bn_1736,0,0,A_organic,0.7438848,0.08674455,9
bn_1737,1,0,A_organic,0.9012618,0.075847685,4
bn_1738,0,0,A_organic,0.9367363,0.020418048,11
bn_1739,1,0,A_organic,0.81014353,0.11486566,4
bn_1740,0,0,A_organic,0.77717173,0.06551272,3
bn_1741,0,0,A_organic,0.75230974,0.084103346,12
bn_1743,0,0,A_organic,0.7571652,0.015190542,10
bn_1745,1,0,A_organic,0.8584005,0.047950327,5
bn_1746,1,0,A_organic,0.8703827,0.08513832,6
bn_1747,1,0,A_organic,1.0334553,0.08066988,5
bn_1748,1,0,A_organic,0.93254316,0.0075165033,10
bn_1749,0,0,A_organic,0.87108487,0.04865563,7
bn_1750,0,0,A_organic,0.8528801,0.036331296,8
bn_1752,0,0,A_organic,0.8567279,0.05948633,22
bn_1753,1,0,A_organic,0.89794004,0.09768319,4
bn_1754,1,0,A_organic,0.89149344,0.063859105,6
bn_1756,0,0,A_organic,0.7956696,0.039676428,9
bn_1757,1,0,A_organic,0.9024903,0.092602074,5
bn_1758,0,0,A_organic,0.8299874,0.04277748,13
bn_1759,0,0,A_organic,0.8825872,0.005345762,13
bn_1760,1,0,A_organic,0.8371552,0.095006466,10
bn_1761,0,0,A_organic,0.77744794,0.05035281,8
bn_1762,1,0,A_organic,0.9047926,0.07712543,10
bn_1763,1,0,A_organic,0.80454624,0.057657897,8
bn_1764,1,0,A_organic,0.9991358,0.079434454,13
bn_1765,0,0,A_organic,0.90868276,0.025459707,15
bn_1766,0,0,A_organic,0.8216808,0.05009824,15
bn_1767,0,0,A_organic,0.82043403,0.07540035,17
bn_1768,1,0,A_organic,0.891577,0.010003984,13
bn_1769,1,0,A_organic,0.8983521,0.07217467,4
bn_1770,1,0,A_organic,0.93086994,0.101036906,9
bn_1771,0,0,A_organic,0.77738,0.07400155,7
bn_1772,0,0,A_organic,0.8498185,0.0087172985,21
bn_1773,0,0,A_organic,0.8073153,0.070430696,29
bn_1774,0,0,A_organic,0.88499945,0.022424757,36
bn_1775,1,0,A_organic,0.9260331,0.11389667,6
bn_1776,0,0,A_organic,0.73578614,0.07847059,14
bn_1777,1,0,A_organic,0.77012086,0.062684596,6
bn_1778,1,0,A_organic,0.88514227,0.014746785,17
bn_1779,0,0,A_organic,0.8274152,0.06418216,17
bn_1780,1,0,A_organic,0.9607883,0.0013623834,15
bn_1781,1,0,A_organic,0.8172431,0.0057901144,9
bn_1782,0,0,A_organic,0.86316377,0.032872498,18
bn_1783,0,0,A_organic,0.7856794,0.06402326,19
bn_1784,1,0,A_organic,0.8440708,0.010551155,17
bn_1785,1,0,A_organic,0.94679445,0.10867983,10
bn_1786,1,0,A_organic,0.907871,0.060564637,7
bn_1787,0,0,A_organic,0.7771453,0.06494671,7
bn_1788,1,0,A_organic,0.9221108,0.09232986,13
bn_1789,1,0,A_organic,0.82218015,0.065234065,7
bn_1790,1,0,A_organic,1.0034639,0.10656798,10
bn_1791,1,0,A_organic,0.875342,0.073809385,8
bn_1792,1,0,A_organic,0.9792139,0.026222885,3
bn_1793,0,0,A_organic,0.78916144,0.031759083,9
bn_1794,1,0,A_organic,0.9532635,0.05028057,17
bn_1795,1,0,A_organic,0.88051564,0.11111951,9
bn_1796,1,0,A_organic,0.82375044,0.007264614,11
bn_1797,1,0,A_organic,0.9081823,0.016189277,6
bn_1798,1,0,A_organic,0.7939516,0.038794994,8
bn_1799,1,0,A_organic,0.8316221,0.10389984,5
bn_1800,1,0,A_organic,0.915828,0.08342123,8
bn_1801,0,0,A_organic,0.86229753,0.010155439,21
bn_1802,1,0,A_organic,0.8482711,0.089291036,5
bn_1803,1,0,A_organic,0.89735526,0.032460928,7
bn_1804,1,0,A_organic,0.9057698,0.048455,6
bn_1805,1,0,A_organic,0.9290106,0.09716594,5
bn_1806,1,0,A_organic,0.9216964,0.078049004,4
bn_1807,1,0,A_organic,0.8669456,0.0440408,13
bn_1808,1,0,A_organic,0.7578704,0.03282863,4
bn_1809,1,0,A_organic,0.9030713,0.08488697,6
bn_1810,1,0,A_organic,0.82200825,0.085442185,9
bn_1811,1,0,A_organic,0.837801,0.009968936,11
bn_1812,1,0,A_organic,0.8695951,0.064361274,18
bn_1813,1,0,A_organic,0.8843269,0.07559627,16
bn_1814,1,0,A_organic,0.8036087,0.07554221,8
bn_1815,0,0,A_organic,0.7794365,0.06477904,6
bn_1816,0,0,A_organic,0.89337105,0.01336056,6
bn_1817,1,0,A_organic,0.9065873,0.07219005,15
bn_1818,0,0,A_organic,0.76443356,0.036639333,4
bn_1819,0,0,A_organic,0.7570144,0.053444803,9
bn_1820,1,0,A_organic,0.9435316,0.01030612,22
bn_1821,0,0,A_organic,0.8536981,0.0024220347,9
bn_1822,1,0,A_organic,0.8663648,0.08278906,15
bn_1823,0,0,A_organic,0.7678033,0.054837942,11
bn_1824,1,0,A_organic,0.87262225,0.06442213,8
bn_1825,0,0,A_organic,0.6790424,0.084631205,8
bn_1826,1,0,A_organic,0.9155238,0.09505099,6
bn_1827,0,0,A_organic,0.7760426,0.0320307,5
bn_1828,1,0,A_organic,0.94075376,0.05623603,4
bn_1829,1,0,A_organic,0.9618734,0.11617565,3
bn_1830,0,0,A_organic,0.79926944,0.071347654,5
bn_1831,1,0,A_organic,0.7562704,0.109199524,4
bn_1832,1,0,A_organic,0.93167794,0.066553235,18
bn_1833,1,0,A_organic,0.86172074,0.08170408,6
bn_1834,0,0,A_organic,0.7992101,0.08667487,5
bn_1835,1,0,A_organic,0.9553975,0.07260382,14
bn_1836,1,0,A_organic,0.79961354,0.07694036,7
bn_1837,1,0,A_organic,0.9987973,0.09459674,11
bn_1838,1,0,A_organic,0.7973119,0.006785929,10
bn_1839,0,0,A_organic,0.7345872,0.10365063,5
bn_1840,1,0,A_organic,0.8235552,0.1026544,7
bn_1841,1,0,A_organic,0.91016567,0.10853374,10
bn_1843,0,0,A_organic,0.76354915,0.011599004,10
bn_1844,1,0,A_organic,0.84168905,0.02883017,4
bn_1845,1,0,A_organic,0.89706933,0.09886372,9
bn_1846,1,0,A_organic,0.9411545,0.12652087,3
bn_1847,0,0,A_organic,0.73423135,0.07116544,4
bn_1848,1,0,A_organic,0.9228175,0.027060986,8
bn_1849,0,0,A_organic,0.7990393,0.03738731,7
bn_1850,0,0,A_organic,0.83007115,0.01758194,4
bn_1851,1,0,A_organic,0.8887396,0.0771783,3
bn_1852,1,0,A_organic,0.74848425,0.013333261,5
bn_1853,0,0,A_organic,0.82416654,0.05365032,19
bn_1854,1,0,A_organic,0.9781812,0.085350215,3
bn_1855,1,0,A_organic,0.89148384,0.1103068,4
bn_1856,0,0,A_organic,0.8636893,0.059121847,8
bn_1857,1,0,A_organic,0.9361982,0.038046002,3
bn_1858,1,0,A_organic,0.95473754,0.09734607,5
bn_1859,0,0,A_organic,0.73754334,0.074964404,13
bn_1860,0,0,A_organic,0.8243855,0.062288463,14
bn_1861,1,0,A_organic,0.89949507,0.075880885,8
bn_1863,1,0,A_organic,0.9440592,0.08695358,4
bn_1864,1,0,A_organic,0.8245039,0.010684133,4
bn_1865,0,0,A_organic,0.8208141,0.039795816,6
bn_1866,0,0,A_organic,0.82075876,0.016280234,25
bn_1867,1,0,A_organic,0.8614197,0.08067274,7
bn_1868,0,0,A_organic,0.7086752,0.098235905,6
bn_1869,1,0,A_organic,0.9580967,0.12696606,9
bn_1870,1,0,A_organic,0.85361975,0.0663206,5
bn_1871,0,0,A_organic,0.8715921,0.006231189,8
bn_1872,1,0,A_organic,0.9202725,0.10898095,4
bn_1873,0,0,A_organic,0.82076454,0.046010256,11
bn_1874,1,0,A_organic,0.9117738,0.01748532,5
bn_1875,1,0,A_organic,0.8995743,0.09049451,3
bn_1876,1,0,A_organic,0.99585515,0.12360877,4
bn_1877,0,0,A_organic,0.8111255,0.06598359,12
bn_1878,0,0,A_organic,0.83283436,0.0711714,4
bn_1879,0,0,A_organic,0.7798718,0.074593484,11
bn_1880,0,0,A_organic,0.73586917,0.03174174,12
bn_1882,0,0,A_organic,0.9036286,0.0069431663,18
bn_1884,1,0,A_organic,0.87407553,0.06131786,5
bn_1885,1,0,A_organic,0.88662314,0.027119994,7
bn_1886,0,0,A_organic,0.7863381,0.01892984,3
bn_1887,1,0,A_organic,0.8636795,0.13282484,5
bn_1888,1,0,A_organic,0.9792669,0.09761584,14
bn_1889,0,0,A_organic,0.8462161,0.060733736,11
bn_1890,0,0,A_organic,0.7991372,0.04995793,8
bn_1891,1,0,A_organic,0.9084365,0.10031384,3
bn_1892,1,0,A_organic,0.89942896,0.08897948,5
bn_1894,0,0,A_organic,0.8732027,0.016983986,4
bn_1895,0,0,A_organic,0.8875909,0.020761788,4
bn_1896,1,0,A_organic,1.0059772,0.090370774,4
bn_1897,0,0,A_organic,0.8487093,0.030161083,3
bn_1898,1,0,A_organic,0.9079974,0.0881505,7
bn_1899,0,0,A_organic,0.8310039,0.02900362,3
bn_1900,0,0,A_organic,0.9472081,0.014301658,10
bn_1901,0,0,A_organic,0.67576617,0.09267777,6
bn_1904,0,0,A_organic,0.79567134,0.031123519,7
bn_1906,0,0,A_organic,0.72672236,0.057651937,6
bn_1907,0,0,A_organic,0.8738337,0.030727863,9
bn_1908,0,0,A_organic,0.815738,0.053087294,29
bn_1909,0,0,A_organic,0.8542312,0.028193414,11
bn_1910,0,0,A_organic,0.7893167,0.03511554,7
bn_1911,1,0,A_organic,0.8444484,0.028603196,17
bn_1912,1,0,A_organic,0.8550977,0.066682994,7
bn_1913,0,0,A_organic,0.83308107,0.016189396,8
bn_1914,1,0,A_organic,0.92879784,0.05262232,11
bn_1915,1,0,A_organic,0.8000143,0.004191816,7
bn_1916,1,0,A_organic,0.91877836,0.07326895,3
bn_1917,0,0,A_organic,0.87051255,0.0386979,10
bn_1918,0,0,A_organic,0.8174289,0.01717782,9
bn_1919,1,0,A_organic,0.78497297,0.03360313,8
bn_1920,1,0,A_organic,0.8249265,0.06827915,4
bn_1921,0,0,A_organic,0.89896995,0.032819152,11
bn_1922,0,0,A_organic,0.8580512,0.090387225,17
bn_1923,0,0,A_organic,0.79944605,0.0583809,14
bn_1924,1,0,A_organic,0.789295,0.018336833,5
bn_1925,0,0,A_organic,0.71450037,0.120786905,10
bn_1926,1,0,A_organic,0.9133438,0.09504306,5
bn_1928,0,0,A_organic,0.8387554,0.008754909,10
bn_1929,1,0,A_organic,0.77648306,0.045013905,4
bn_1930,0,0,A_organic,0.8385931,0.020473242,29
bn_1931,0,0,A_organic,0.7844763,0.04128927,7
bn_1932,0,0,A_organic,0.76272476,0.09919095,9
bn_1933,0,0,A_organic,0.76382345,0.060975313,9
bn_1934,1,0,A_organic,0.81703293,0.0096978545,12
bn_1935,1,0,A_organic,0.9641742,0.057733,5
bn_1936,0,0,A_organic,0.833295,0.025654256,32
bn_1937,0,0,A_organic,0.8595798,0.0033565164,4
bn_1938,1,0,A_organic,0.8752096,0.12026447,7
bn_1940,0,0,A_organic,0.7961496,0.06905794,39
bn_1941,0,0,A_organic,0.7831353,0.036567092,11
bn_1942,1,0,A_organic,0.89720404,0.009825408,32
bn_1943,1,0,A_organic,0.8981507,0.107682824,5
bn_1944,0,0,A_organic,0.7841483,0.04030937,7
bn_1945,1,0,A_organic,0.8683861,0.015844345,15
bn_1946,0,0,A_organic,0.89276296,0.027879417,3
bn_1947,1,0,A_organic,0.8963642,0.08836645,8
bn_1948,0,0,A_organic,0.9223158,0.019044816,14
bn_1951,0,0,A_organic,0.6773542,0.090694785,3
bn_1952,0,0,A_organic,0.84335285,0.039028645,10
bn_1954,1,0,A_organic,0.8650399,0.011613846,5
bn_1955,0,0,A_organic,0.7360966,0.05646956,5
bn_1956,1,0,A_organic,0.8924034,0.06951809,7
bn_1957,0,0,A_organic,0.8791841,0.0077036023,7
bn_1958,0,0,A_organic,0.7687909,0.050496936,9
bn_1959,1,0,A_organic,0.79431266,0.038729906,7
bn_1960,0,0,A_organic,0.69024605,0.10666072,4
bn_1961,1,0,A_organic,0.8269621,0.02686292,6
bn_1962,1,0,A_organic,0.95566195,0.077611506,10
bn_1963,1,0,A_organic,0.760611,0.008365452,7
bn_1964,1,0,A_organic,0.88639516,0.05961305,9
bn_1965,0,0,A_organic,0.7501744,0.09166682,6
bn_1966,1,0,A_organic,0.9519944,0.071225524,8
bn_1967,0,0,A_organic,0.76766473,0.055596113,4
bn_1968,0,0,A_organic,0.8448059,0.0013629794,10
bn_1969,0,0,A_organic,0.7591642,0.03410673,5
bn_1970,1,0,A_organic,1.0367473,0.09559584,6
bn_1971,1,0,A_organic,0.94273925,0.021454811,8
bn_1972,0,0,A_organic,0.7989291,0.06508529,11
bn_1973,0,0,A_organic,0.8045804,0.051949143,8
bn_1977,1,0,A_organic,0.9472942,0.07520002,4
bn_1978,1,0,A_organic,1.0070628,0.100742936,3
bn_1980,1,0,A_organic,0.8410494,0.083780825,5
bn_1981,0,0,A_organic,0.69639736,0.08606094,7
bn_1982,0,0,A_organic,0.73854685,0.064180255,5
bn_1983,1,0,A_organic,0.9056219,0.09918308,4
bn_1984,1,0,A_organic,0.84572434,0.07875413,5
bn_1985,1,0,A_organic,0.8342608,0.10038662,7
bn_1986,0,0,A_organic,0.70562947,0.08661741,3
bn_1987,1,0,A_organic,0.9475551,0.110012114,4
bn_1988,1,0,A_organic,0.8506483,0.044414997,6
bn_1989,1,0,A_organic,0.898245,0.106547,5
bn_1990,0,0,A_organic,0.78738326,0.07371122,6
bn_1991,0,0,A_organic,0.8391894,0.05306834,6
bn_1992,1,0,A_organic,0.9889439,0.1232242,3
bn_1993,1,0,A_organic,0.800078,0.0867008,5
bn_1994,1,0,A_organic,0.7919156,0.07103413,3
bn_1995,1,0,A_organic,0.87071097,0.08723086,7
bn_1996,0,0,A_organic,0.76571643,0.034461617,5
bn_1997,1,0,A_organic,0.9149515,0.070982814,4
bn_1998,1,0,A_organic,0.8459699,0.03930217,10
