_timestamp_utc,_git_commit,_untracked_files,_config,_python,_platform,condition,key,plot_id,arm,target_level,n_words,neural,symbolic
2026-08-17T19:26:53.388935+00:00,dda307c855d2f77026e2a39a89d5d81b166e1281,0,configs/s4_w.yaml,3.12.13,Linux-6.12.90+-x86_64-with-glibc2.35,length_controlled,BN001|L0|a1|bn|local:google/gemma-3-12b-it,BN001,bn,0,10,0.9999999999936765,0.6715788493499354
2026-08-17T19:26:53.388935+00:00,dda307c855d2f77026e2a39a89d5d81b166e1281,0,configs/s4_w.yaml,3.12.13,Linux-6.12.90+-x86_64-with-glibc2.35,length_controlled,BN001|L1|a1|bn|local:google/gemma-3-12b-it,BN001,bn,1,13,0.43840781353575314,0.19675964185655442
2026-08-17T19:26:53.388935+00:00,dda307c855d2f77026e2a39a89d5d81b166e1281,0,configs/s4_w.yaml,3.12.13,Linux-6.12.90+-x86_64-with-glibc2.35,length_controlled,BN005|L0|a1|bn|local:google/gemma-3-12b-it,BN005,bn,0,10,0.007320826807560521,0.6736757371497992
2026-08-17T19:26:53.388935+00:00,dda307c855d2f77026e2a39a89d5d81b166e1281,0,configs/s4_w.yaml,3.12.13,Linux-6.12.90+-x86_64-with-glibc2.35,length_controlled,BN005|L1|a1|bn|local:google/gemma-3-12b-it,BN005,bn,1,14,0.9999127068241684,0.161907083973
2026-08-17T19:26:53.388935+00:00,dda307c855d2f77026e2a39a89d5d81b166e1281,0,configs/s4_w.yaml,3.12.13,Linux-6.12.90+-x86_64-with-glibc2.35,length_controlled,BN011|L0|a1|bn|local:google/gemma-3-12b-it,BN011,bn,0,8,8.197082316774296e-05,0.48546363895605826
2026-08-17T19:26:53.388935+00:00,dda307c855d2f77026e2a39a89d5d81b166e1281,0,configs/s4_w.yaml,3.12.13,Linux-6.12.90+-x86_64-with-glibc2.35,length_controlled,BN011|L1|a1|bn|local:google/gemma-3-12b-it,BN011,bn,1,15,0.9999863929557221,0.16527014118931824
2026-08-17T19:26:53.388935+00:00,dda307c855d2f77026e2a39a89d5d81b166e1281,0,configs/s4_w.yaml,3.12.13,Linux-6.12.90+-x86_64-with-glibc2.35,length_controlled,BN012|L0|a1|bn|local:google/gemma-3-12b-it,BN012,bn,0,15,0.9999999812174708,0.7459986349633129
2026-08-17T19:26:53.388935+00:00,dda307c855d2f77026e2a39a89d5d81b166e1281,0,configs/s4_w.yaml,3.12.13,Linux-6.12.90+-x86_64-with-glibc2.35,length_controlled,BN012|L1|a1|bn|local:google/gemma-3-12b-it,BN012,bn,1,16,0.9986810554799687,0.1749217345237409
2026-08-17T19:26:53.388935+00:00,dda307c855d2f77026e2a39a89d5d81b166e1281,0,configs/s4_w.yaml,3.12.13,Linux-6.12.90+-x86_64-with-glibc2.35,length_controlled,BN013|L0|a1|bn|local:google/gemma-3-12b-it,BN013,bn,0,12,0.988482062107693,0.7285631459394067
2026-08-17T19:26:53.388935+00:00,dda307c855d2f77026e2a39a89d5d81b166e1281,0,configs/s4_w.yaml,3.12.13,Linux-6.12.90+-x86_64-with-glibc2.35,length_controlled,BN013|L1|a1|bn|local:google/gemma-3-12b-it,BN013,bn,1,12,0.999999989804811,0.29078390055132886
2026-08-17T19:26:53.388935+00:00,dda307c855d2f77026e2a39a89d5d81b166e1281,0,configs/s4_w.yaml,3.12.13,Linux-6.12.90+-x86_64-with-glibc2.35,length_controlled,BN016|L0|a1|bn|local:google/gemma-3-12b-it,BN016,bn,0,8,0.9999884085723664,0.5235353339713058
2026-08-17T19:26:53.388935+00:00,dda307c855d2f77026e2a39a89d5d81b166e1281,0,configs/s4_w.yaml,3.12.13,Linux-6.12.90+-x86_64-with-glibc2.35,length_controlled,BN016|L1|a1|bn|local:google/gemma-3-12b-it,BN016,bn,1,23,0.9995090553537579,0.08177965087371056
2026-08-17T19:26:53.388935+00:00,dda307c855d2f77026e2a39a89d5d81b166e1281,0,configs/s4_w.yaml,3.12.13,Linux-6.12.90+-x86_64-with-glibc2.35,length_controlled,BN019|L0|a1|bn|local:google/gemma-3-12b-it,BN019,bn,0,11,0.9999999999384116,0.9371976190266371
2026-08-17T19:26:53.388935+00:00,dda307c855d2f77026e2a39a89d5d81b166e1281,0,configs/s4_w.yaml,3.12.13,Linux-6.12.90+-x86_64-with-glibc2.35,length_controlled,BN019|L1|a1|bn|local:google/gemma-3-12b-it,BN019,bn,1,18,0.9997418114507407,0.04083506376916529
2026-08-17T19:26:53.388935+00:00,dda307c855d2f77026e2a39a89d5d81b166e1281,0,configs/s4_w.yaml,3.12.13,Linux-6.12.90+-x86_64-with-glibc2.35,length_controlled,BN027|L0|a1|bn|local:google/gemma-3-12b-it,BN027,bn,0,13,1.8918596071948457e-06,0.9143547302379523
2026-08-17T19:26:53.388935+00:00,dda307c855d2f77026e2a39a89d5d81b166e1281,0,configs/s4_w.yaml,3.12.13,Linux-6.12.90+-x86_64-with-glibc2.35,length_controlled,BN027|L1|a1|bn|local:google/gemma-3-12b-it,BN027,bn,1,18,0.9618596540784912,0.04735717827636908
2026-08-17T19:26:53.388935+00:00,dda307c855d2f77026e2a39a89d5d81b166e1281,0,configs/s4_w.yaml,3.12.13,Linux-6.12.90+-x86_64-with-glibc2.35,length_controlled,BN032|L0|a1|bn|local:google/gemma-3-12b-it,BN032,bn,0,14,0.9999999999960842,0.9335571072473017
2026-08-17T19:26:53.388935+00:00,dda307c855d2f77026e2a39a89d5d81b166e1281,0,configs/s4_w.yaml,3.12.13,Linux-6.12.90+-x86_64-with-glibc2.35,length_controlled,BN032|L1|a1|bn|local:google/gemma-3-12b-it,BN032,bn,1,14,0.9998259026182115,0.2465409667674515
2026-08-17T19:26:53.388935+00:00,dda307c855d2f77026e2a39a89d5d81b166e1281,0,configs/s4_w.yaml,3.12.13,Linux-6.12.90+-x86_64-with-glibc2.35,length_controlled,BN037|L0|a1|bn|local:google/gemma-3-12b-it,BN037,bn,0,8,0.9999096202787857,0.88511283825037
2026-08-17T19:26:53.388935+00:00,dda307c855d2f77026e2a39a89d5d81b166e1281,0,configs/s4_w.yaml,3.12.13,Linux-6.12.90+-x86_64-with-glibc2.35,length_controlled,BN037|L1|a1|bn|local:google/gemma-3-12b-it,BN037,bn,1,18,0.9984491140298193,0.12877422053341692
2026-08-17T19:26:53.388935+00:00,dda307c855d2f77026e2a39a89d5d81b166e1281,0,configs/s4_w.yaml,3.12.13,Linux-6.12.90+-x86_64-with-glibc2.35,length_controlled,BN041|L0|a1|bn|local:google/gemma-3-12b-it,BN041,bn,0,12,0.02633640122968328,0.9130536065667308
2026-08-17T19:26:53.388935+00:00,dda307c855d2f77026e2a39a89d5d81b166e1281,0,configs/s4_w.yaml,3.12.13,Linux-6.12.90+-x86_64-with-glibc2.35,length_controlled,BN041|L1|a1|bn|local:google/gemma-3-12b-it,BN041,bn,1,16,0.14968008271846003,0.18166513482099075
2026-08-17T19:26:53.388935+00:00,dda307c855d2f77026e2a39a89d5d81b166e1281,0,configs/s4_w.yaml,3.12.13,Linux-6.12.90+-x86_64-with-glibc2.35,length_controlled,BN043|L0|a1|bn|local:google/gemma-3-12b-it,BN043,bn,0,11,0.012500741335059073,0.5693019412235901
2026-08-17T19:26:53.388935+00:00,dda307c855d2f77026e2a39a89d5d81b166e1281,0,configs/s4_w.yaml,3.12.13,Linux-6.12.90+-x86_64-with-glibc2.35,length_controlled,BN043|L1|a1|bn|local:google/gemma-3-12b-it,BN043,bn,1,17,0.04526509224259346,0.16043223110067048
2026-08-17T19:26:53.388935+00:00,dda307c855d2f77026e2a39a89d5d81b166e1281,0,configs/s4_w.yaml,3.12.13,Linux-6.12.90+-x86_64-with-glibc2.35,length_controlled,BN045|L0|a1|bn|local:google/gemma-3-12b-it,BN045,bn,0,9,0.8641684874032961,0.8958020824103494
2026-08-17T19:26:53.388935+00:00,dda307c855d2f77026e2a39a89d5d81b166e1281,0,configs/s4_w.yaml,3.12.13,Linux-6.12.90+-x86_64-with-glibc2.35,length_controlled,BN045|L1|a1|bn|local:google/gemma-3-12b-it,BN045,bn,1,18,0.9978327723993039,0.06801591586863093
2026-08-17T19:26:53.388935+00:00,dda307c855d2f77026e2a39a89d5d81b166e1281,0,configs/s4_w.yaml,3.12.13,Linux-6.12.90+-x86_64-with-glibc2.35,length_controlled,BN046|L0|a1|bn|local:google/gemma-3-12b-it,BN046,bn,0,12,0.9999977623570478,0.6829721245501295
2026-08-17T19:26:53.388935+00:00,dda307c855d2f77026e2a39a89d5d81b166e1281,0,configs/s4_w.yaml,3.12.13,Linux-6.12.90+-x86_64-with-glibc2.35,length_controlled,BN046|L1|a1|bn|local:google/gemma-3-12b-it,BN046,bn,1,17,3.758058438330619e-05,0.1316749783406083
2026-08-17T19:26:53.388935+00:00,dda307c855d2f77026e2a39a89d5d81b166e1281,0,configs/s4_w.yaml,3.12.13,Linux-6.12.90+-x86_64-with-glibc2.35,length_controlled,BN048|L0|a1|bn|local:google/gemma-3-12b-it,BN048,bn,0,10,7.771190863925526e-06,0.6964083178191718
2026-08-17T19:26:53.388935+00:00,dda307c855d2f77026e2a39a89d5d81b166e1281,0,configs/s4_w.yaml,3.12.13,Linux-6.12.90+-x86_64-with-glibc2.35,length_controlled,BN048|L1|a1|bn|local:google/gemma-3-12b-it,BN048,bn,1,19,0.050479954704510485,0.06519678120113817
2026-08-17T19:26:53.388935+00:00,dda307c855d2f77026e2a39a89d5d81b166e1281,0,configs/s4_w.yaml,3.12.13,Linux-6.12.90+-x86_64-with-glibc2.35,length_controlled,BN056|L0|a1|bn|local:google/gemma-3-12b-it,BN056,bn,0,13,0.9967718940118475,0.8762138614583785
2026-08-17T19:26:53.388935+00:00,dda307c855d2f77026e2a39a89d5d81b166e1281,0,configs/s4_w.yaml,3.12.13,Linux-6.12.90+-x86_64-with-glibc2.35,length_controlled,BN056|L1|a1|bn|local:google/gemma-3-12b-it,BN056,bn,1,16,0.983333491461522,0.13912278617315513
2026-08-17T19:26:53.388935+00:00,dda307c855d2f77026e2a39a89d5d81b166e1281,0,configs/s4_w.yaml,3.12.13,Linux-6.12.90+-x86_64-with-glibc2.35,length_controlled,BN063|L0|a1|bn|local:google/gemma-3-12b-it,BN063,bn,0,13,4.6263488018283283e-07,0.7234674429238709
2026-08-17T19:26:53.388935+00:00,dda307c855d2f77026e2a39a89d5d81b166e1281,0,configs/s4_w.yaml,3.12.13,Linux-6.12.90+-x86_64-with-glibc2.35,length_controlled,BN063|L1|a1|bn|local:google/gemma-3-12b-it,BN063,bn,1,12,0.999027484829847,0.25583467287979444
2026-08-17T19:26:53.388935+00:00,dda307c855d2f77026e2a39a89d5d81b166e1281,0,configs/s4_w.yaml,3.12.13,Linux-6.12.90+-x86_64-with-glibc2.35,length_controlled,BN065|L0|a1|bn|local:google/gemma-3-12b-it,BN065,bn,0,6,0.9999999999992665,0.8628580484843733
2026-08-17T19:26:53.388935+00:00,dda307c855d2f77026e2a39a89d5d81b166e1281,0,configs/s4_w.yaml,3.12.13,Linux-6.12.90+-x86_64-with-glibc2.35,length_controlled,BN065|L1|a1|bn|local:google/gemma-3-12b-it,BN065,bn,1,15,0.959355534803984,0.10568554108970656
2026-08-17T19:26:53.388935+00:00,dda307c855d2f77026e2a39a89d5d81b166e1281,0,configs/s4_w.yaml,3.12.13,Linux-6.12.90+-x86_64-with-glibc2.35,length_controlled,BN066|L0|a1|bn|local:google/gemma-3-12b-it,BN066,bn,0,12,3.94377125843004e-05,0.7005678280821308
2026-08-17T19:26:53.388935+00:00,dda307c855d2f77026e2a39a89d5d81b166e1281,0,configs/s4_w.yaml,3.12.13,Linux-6.12.90+-x86_64-with-glibc2.35,length_controlled,BN066|L1|a1|bn|local:google/gemma-3-12b-it,BN066,bn,1,14,0.00023958961397463238,0.2937645063692435
2026-08-17T19:26:53.388935+00:00,dda307c855d2f77026e2a39a89d5d81b166e1281,0,configs/s4_w.yaml,3.12.13,Linux-6.12.90+-x86_64-with-glibc2.35,length_controlled,BN071|L0|a1|bn|local:google/gemma-3-12b-it,BN071,bn,0,16,0.9999999999999986,0.918184676219185
2026-08-17T19:26:53.388935+00:00,dda307c855d2f77026e2a39a89d5d81b166e1281,0,configs/s4_w.yaml,3.12.13,Linux-6.12.90+-x86_64-with-glibc2.35,length_controlled,BN071|L1|a1|bn|local:google/gemma-3-12b-it,BN071,bn,1,14,0.9051314418159425,0.2280004427721058
2026-08-17T19:26:53.388935+00:00,dda307c855d2f77026e2a39a89d5d81b166e1281,0,configs/s4_w.yaml,3.12.13,Linux-6.12.90+-x86_64-with-glibc2.35,length_controlled,BN074|L0|a1|bn|local:google/gemma-3-12b-it,BN074,bn,0,14,0.9999999999999194,0.7804513188882769
2026-08-17T19:26:53.388935+00:00,dda307c855d2f77026e2a39a89d5d81b166e1281,0,configs/s4_w.yaml,3.12.13,Linux-6.12.90+-x86_64-with-glibc2.35,length_controlled,BN074|L1|a1|bn|local:google/gemma-3-12b-it,BN074,bn,1,13,0.8217733146514187,0.5498665104226806
2026-08-17T19:26:53.388935+00:00,dda307c855d2f77026e2a39a89d5d81b166e1281,0,configs/s4_w.yaml,3.12.13,Linux-6.12.90+-x86_64-with-glibc2.35,length_controlled,BN077|L0|a1|bn|local:google/gemma-3-12b-it,BN077,bn,0,14,0.16299520448423122,0.9237022820813545
2026-08-17T19:26:53.388935+00:00,dda307c855d2f77026e2a39a89d5d81b166e1281,0,configs/s4_w.yaml,3.12.13,Linux-6.12.90+-x86_64-with-glibc2.35,length_controlled,BN077|L1|a1|bn|local:google/gemma-3-12b-it,BN077,bn,1,17,0.9984636626529114,0.1627086601543425
2026-08-17T19:26:53.388935+00:00,dda307c855d2f77026e2a39a89d5d81b166e1281,0,configs/s4_w.yaml,3.12.13,Linux-6.12.90+-x86_64-with-glibc2.35,length_controlled,BN089|L0|a1|bn|local:google/gemma-3-12b-it,BN089,bn,0,11,0.10334370849399854,0.8142982648145904
2026-08-17T19:26:53.388935+00:00,dda307c855d2f77026e2a39a89d5d81b166e1281,0,configs/s4_w.yaml,3.12.13,Linux-6.12.90+-x86_64-with-glibc2.35,length_controlled,BN089|L1|a1|bn|local:google/gemma-3-12b-it,BN089,bn,1,19,0.9964297644616191,0.12119772418158897
2026-08-17T19:26:53.388935+00:00,dda307c855d2f77026e2a39a89d5d81b166e1281,0,configs/s4_w.yaml,3.12.13,Linux-6.12.90+-x86_64-with-glibc2.35,length_controlled,BN090|L0|a1|bn|local:google/gemma-3-12b-it,BN090,bn,0,9,0.999999999996787,0.689325602572814
2026-08-17T19:26:53.388935+00:00,dda307c855d2f77026e2a39a89d5d81b166e1281,0,configs/s4_w.yaml,3.12.13,Linux-6.12.90+-x86_64-with-glibc2.35,length_controlled,BN090|L1|a1|bn|local:google/gemma-3-12b-it,BN090,bn,1,18,0.999369933199687,0.09653531524652209
2026-08-17T19:26:53.388935+00:00,dda307c855d2f77026e2a39a89d5d81b166e1281,0,configs/s4_w.yaml,3.12.13,Linux-6.12.90+-x86_64-with-glibc2.35,length_controlled,BN092|L0|a1|bn|local:google/gemma-3-12b-it,BN092,bn,0,12,0.9999999999992787,0.8354977146533697
2026-08-17T19:26:53.388935+00:00,dda307c855d2f77026e2a39a89d5d81b166e1281,0,configs/s4_w.yaml,3.12.13,Linux-6.12.90+-x86_64-with-glibc2.35,length_controlled,BN092|L1|a1|bn|local:google/gemma-3-12b-it,BN092,bn,1,17,0.13768147180078327,0.07258903672899066
2026-08-17T19:26:53.388935+00:00,dda307c855d2f77026e2a39a89d5d81b166e1281,0,configs/s4_w.yaml,3.12.13,Linux-6.12.90+-x86_64-with-glibc2.35,length_controlled,BN098|L0|a1|bn|local:google/gemma-3-12b-it,BN098,bn,0,17,0.9999998221021265,0.8698360083334052
2026-08-17T19:26:53.388935+00:00,dda307c855d2f77026e2a39a89d5d81b166e1281,0,configs/s4_w.yaml,3.12.13,Linux-6.12.90+-x86_64-with-glibc2.35,length_controlled,BN098|L1|a1|bn|local:google/gemma-3-12b-it,BN098,bn,1,19,0.9999686944274433,0.11428938930964015
2026-08-17T19:26:53.388935+00:00,dda307c855d2f77026e2a39a89d5d81b166e1281,0,configs/s4_w.yaml,3.12.13,Linux-6.12.90+-x86_64-with-glibc2.35,length_controlled,BN105|L0|a1|bn|local:google/gemma-3-12b-it,BN105,bn,0,11,7.856739618894437e-07,0.9054307370459851
2026-08-17T19:26:53.388935+00:00,dda307c855d2f77026e2a39a89d5d81b166e1281,0,configs/s4_w.yaml,3.12.13,Linux-6.12.90+-x86_64-with-glibc2.35,length_controlled,BN105|L1|a1|bn|local:google/gemma-3-12b-it,BN105,bn,1,15,7.424078019503623e-06,0.07768142992614524
2026-08-17T19:26:53.388935+00:00,dda307c855d2f77026e2a39a89d5d81b166e1281,0,configs/s4_w.yaml,3.12.13,Linux-6.12.90+-x86_64-with-glibc2.35,length_controlled,BN108|L0|a1|bn|local:google/gemma-3-12b-it,BN108,bn,0,14,4.620714921799163e-09,0.73480957347732
2026-08-17T19:26:53.388935+00:00,dda307c855d2f77026e2a39a89d5d81b166e1281,0,configs/s4_w.yaml,3.12.13,Linux-6.12.90+-x86_64-with-glibc2.35,length_controlled,BN108|L1|a1|bn|local:google/gemma-3-12b-it,BN108,bn,1,19,0.996176587577943,0.05484879131720324
2026-08-17T19:26:53.388935+00:00,dda307c855d2f77026e2a39a89d5d81b166e1281,0,configs/s4_w.yaml,3.12.13,Linux-6.12.90+-x86_64-with-glibc2.35,length_controlled,BN110|L0|a1|bn|local:google/gemma-3-12b-it,BN110,bn,0,11,0.999999991948514,0.8647119391219241
2026-08-17T19:26:53.388935+00:00,dda307c855d2f77026e2a39a89d5d81b166e1281,0,configs/s4_w.yaml,3.12.13,Linux-6.12.90+-x86_64-with-glibc2.35,length_controlled,BN110|L1|a1|bn|local:google/gemma-3-12b-it,BN110,bn,1,15,0.21215150337404706,0.4176301064222514
2026-08-17T19:26:53.388935+00:00,dda307c855d2f77026e2a39a89d5d81b166e1281,0,configs/s4_w.yaml,3.12.13,Linux-6.12.90+-x86_64-with-glibc2.35,length_controlled,BN115|L0|a1|bn|local:google/gemma-3-12b-it,BN115,bn,0,8,0.9999999999989461,0.8758458715318286
2026-08-17T19:26:53.388935+00:00,dda307c855d2f77026e2a39a89d5d81b166e1281,0,configs/s4_w.yaml,3.12.13,Linux-6.12.90+-x86_64-with-glibc2.35,length_controlled,BN115|L1|a1|bn|local:google/gemma-3-12b-it,BN115,bn,1,16,2.1390426177530104e-08,0.08652325473178471
2026-08-17T19:26:53.388935+00:00,dda307c855d2f77026e2a39a89d5d81b166e1281,0,configs/s4_w.yaml,3.12.13,Linux-6.12.90+-x86_64-with-glibc2.35,length_controlled,BN001|L0|a1|en|local:google/gemma-3-12b-it,BN001,en,0,10,0.999999987326279,0.9351319074870835
2026-08-17T19:26:53.388935+00:00,dda307c855d2f77026e2a39a89d5d81b166e1281,0,configs/s4_w.yaml,3.12.13,Linux-6.12.90+-x86_64-with-glibc2.35,length_controlled,BN001|L1|a1|en|local:google/gemma-3-12b-it,BN001,en,1,18,0.8764256550053757,0.0767812706027062
2026-08-17T19:26:53.388935+00:00,dda307c855d2f77026e2a39a89d5d81b166e1281,0,configs/s4_w.yaml,3.12.13,Linux-6.12.90+-x86_64-with-glibc2.35,length_controlled,BN005|L0|a1|en|local:google/gemma-3-12b-it,BN005,en,0,9,0.9999999464219989,0.36911569893112794
2026-08-17T19:26:53.388935+00:00,dda307c855d2f77026e2a39a89d5d81b166e1281,0,configs/s4_w.yaml,3.12.13,Linux-6.12.90+-x86_64-with-glibc2.35,length_controlled,BN005|L1|a1|en|local:google/gemma-3-12b-it,BN005,en,1,14,0.9999994045284013,0.07645766298596515
2026-08-17T19:26:53.388935+00:00,dda307c855d2f77026e2a39a89d5d81b166e1281,0,configs/s4_w.yaml,3.12.13,Linux-6.12.90+-x86_64-with-glibc2.35,length_controlled,BN011|L0|a1|en|local:google/gemma-3-12b-it,BN011,en,0,8,0.9840415483697633,0.8762766849522339
2026-08-17T19:26:53.388935+00:00,dda307c855d2f77026e2a39a89d5d81b166e1281,0,configs/s4_w.yaml,3.12.13,Linux-6.12.90+-x86_64-with-glibc2.35,length_controlled,BN011|L1|a1|en|local:google/gemma-3-12b-it,BN011,en,1,15,0.9999950563229189,0.07528999775717099
2026-08-17T19:26:53.388935+00:00,dda307c855d2f77026e2a39a89d5d81b166e1281,0,configs/s4_w.yaml,3.12.13,Linux-6.12.90+-x86_64-with-glibc2.35,length_controlled,BN012|L0|a1|en|local:google/gemma-3-12b-it,BN012,en,0,14,0.999999999999886,0.7694986607560617
2026-08-17T19:26:53.388935+00:00,dda307c855d2f77026e2a39a89d5d81b166e1281,0,configs/s4_w.yaml,3.12.13,Linux-6.12.90+-x86_64-with-glibc2.35,length_controlled,BN012|L1|a1|en|local:google/gemma-3-12b-it,BN012,en,1,14,0.9995946604138625,0.08263076378466219
2026-08-17T19:26:53.388935+00:00,dda307c855d2f77026e2a39a89d5d81b166e1281,0,configs/s4_w.yaml,3.12.13,Linux-6.12.90+-x86_64-with-glibc2.35,length_controlled,BN013|L0|a1|en|local:google/gemma-3-12b-it,BN013,en,0,9,0.9999999999574928,0.9262813272339131
2026-08-17T19:26:53.388935+00:00,dda307c855d2f77026e2a39a89d5d81b166e1281,0,configs/s4_w.yaml,3.12.13,Linux-6.12.90+-x86_64-with-glibc2.35,length_controlled,BN013|L1|a1|en|local:google/gemma-3-12b-it,BN013,en,1,17,0.9995770413078024,0.0432785827033673
2026-08-17T19:26:53.388935+00:00,dda307c855d2f77026e2a39a89d5d81b166e1281,0,configs/s4_w.yaml,3.12.13,Linux-6.12.90+-x86_64-with-glibc2.35,length_controlled,BN016|L0|a1|en|local:google/gemma-3-12b-it,BN016,en,0,11,0.9999999999879735,0.8723554275195029
2026-08-17T19:26:53.388935+00:00,dda307c855d2f77026e2a39a89d5d81b166e1281,0,configs/s4_w.yaml,3.12.13,Linux-6.12.90+-x86_64-with-glibc2.35,length_controlled,BN016|L1|a1|en|local:google/gemma-3-12b-it,BN016,en,1,27,0.7846942774267278,0.04154692813987346
2026-08-17T19:26:53.388935+00:00,dda307c855d2f77026e2a39a89d5d81b166e1281,0,configs/s4_w.yaml,3.12.13,Linux-6.12.90+-x86_64-with-glibc2.35,length_controlled,BN019|L0|a1|en|local:google/gemma-3-12b-it,BN019,en,0,7,0.9999999998581547,0.9368036562862518
2026-08-17T19:26:53.388935+00:00,dda307c855d2f77026e2a39a89d5d81b166e1281,0,configs/s4_w.yaml,3.12.13,Linux-6.12.90+-x86_64-with-glibc2.35,length_controlled,BN019|L1|a1|en|local:google/gemma-3-12b-it,BN019,en,1,22,0.016306604882376705,0.10967973709748237
2026-08-17T19:26:53.388935+00:00,dda307c855d2f77026e2a39a89d5d81b166e1281,0,configs/s4_w.yaml,3.12.13,Linux-6.12.90+-x86_64-with-glibc2.35,length_controlled,BN027|L0|a1|en|local:google/gemma-3-12b-it,BN027,en,0,7,0.9999999999015857,0.6171191983847565
2026-08-17T19:26:53.388935+00:00,dda307c855d2f77026e2a39a89d5d81b166e1281,0,configs/s4_w.yaml,3.12.13,Linux-6.12.90+-x86_64-with-glibc2.35,length_controlled,BN027|L1|a1|en|local:google/gemma-3-12b-it,BN027,en,1,26,0.9996653262531049,0.07728234121550026
2026-08-17T19:26:53.388935+00:00,dda307c855d2f77026e2a39a89d5d81b166e1281,0,configs/s4_w.yaml,3.12.13,Linux-6.12.90+-x86_64-with-glibc2.35,length_controlled,BN032|L0|a1|en|local:google/gemma-3-12b-it,BN032,en,0,11,0.999999999998346,0.9444512422766721
2026-08-17T19:26:53.388935+00:00,dda307c855d2f77026e2a39a89d5d81b166e1281,0,configs/s4_w.yaml,3.12.13,Linux-6.12.90+-x86_64-with-glibc2.35,length_controlled,BN032|L1|a1|en|local:google/gemma-3-12b-it,BN032,en,1,22,0.03643152872381525,0.1162004673546157
2026-08-17T19:26:53.388935+00:00,dda307c855d2f77026e2a39a89d5d81b166e1281,0,configs/s4_w.yaml,3.12.13,Linux-6.12.90+-x86_64-with-glibc2.35,length_controlled,BN037|L0|a1|en|local:google/gemma-3-12b-it,BN037,en,0,11,0.999992214016245,0.9056775355648851
2026-08-17T19:26:53.388935+00:00,dda307c855d2f77026e2a39a89d5d81b166e1281,0,configs/s4_w.yaml,3.12.13,Linux-6.12.90+-x86_64-with-glibc2.35,length_controlled,BN037|L1|a1|en|local:google/gemma-3-12b-it,BN037,en,1,15,0.6553215933579178,0.13896107750287284
2026-08-17T19:26:53.388935+00:00,dda307c855d2f77026e2a39a89d5d81b166e1281,0,configs/s4_w.yaml,3.12.13,Linux-6.12.90+-x86_64-with-glibc2.35,length_controlled,BN041|L0|a1|en|local:google/gemma-3-12b-it,BN041,en,0,9,0.9999997698022782,0.7823579958696242
2026-08-17T19:26:53.388935+00:00,dda307c855d2f77026e2a39a89d5d81b166e1281,0,configs/s4_w.yaml,3.12.13,Linux-6.12.90+-x86_64-with-glibc2.35,length_controlled,BN041|L1|a1|en|local:google/gemma-3-12b-it,BN041,en,1,20,0.6206491237867507,0.06319931719114148
2026-08-17T19:26:53.388935+00:00,dda307c855d2f77026e2a39a89d5d81b166e1281,0,configs/s4_w.yaml,3.12.13,Linux-6.12.90+-x86_64-with-glibc2.35,length_controlled,BN043|L0|a1|en|local:google/gemma-3-12b-it,BN043,en,0,13,0.9999999515622578,0.7798353318824179
2026-08-17T19:26:53.388935+00:00,dda307c855d2f77026e2a39a89d5d81b166e1281,0,configs/s4_w.yaml,3.12.13,Linux-6.12.90+-x86_64-with-glibc2.35,length_controlled,BN043|L1|a1|en|local:google/gemma-3-12b-it,BN043,en,1,19,0.9532203859695612,0.05114394375936297
2026-08-17T19:26:53.388935+00:00,dda307c855d2f77026e2a39a89d5d81b166e1281,0,configs/s4_w.yaml,3.12.13,Linux-6.12.90+-x86_64-with-glibc2.35,length_controlled,BN045|L0|a1|en|local:google/gemma-3-12b-it,BN045,en,0,10,5.668271280490078e-05,0.8833804891100148
2026-08-17T19:26:53.388935+00:00,dda307c855d2f77026e2a39a89d5d81b166e1281,0,configs/s4_w.yaml,3.12.13,Linux-6.12.90+-x86_64-with-glibc2.35,length_controlled,BN045|L1|a1|en|local:google/gemma-3-12b-it,BN045,en,1,15,0.9903987924720957,0.0785982448120581
2026-08-17T19:26:53.388935+00:00,dda307c855d2f77026e2a39a89d5d81b166e1281,0,configs/s4_w.yaml,3.12.13,Linux-6.12.90+-x86_64-with-glibc2.35,length_controlled,BN046|L0|a1|en|local:google/gemma-3-12b-it,BN046,en,0,10,0.9999999999999865,0.9040980149446948
2026-08-17T19:26:53.388935+00:00,dda307c855d2f77026e2a39a89d5d81b166e1281,0,configs/s4_w.yaml,3.12.13,Linux-6.12.90+-x86_64-with-glibc2.35,length_controlled,BN046|L1|a1|en|local:google/gemma-3-12b-it,BN046,en,1,23,0.002008409175268619,0.08785050937586703
2026-08-17T19:26:53.388935+00:00,dda307c855d2f77026e2a39a89d5d81b166e1281,0,configs/s4_w.yaml,3.12.13,Linux-6.12.90+-x86_64-with-glibc2.35,length_controlled,BN048|L0|a1|en|local:google/gemma-3-12b-it,BN048,en,0,9,0.9999999999778206,0.5397843022223848
2026-08-17T19:26:53.388935+00:00,dda307c855d2f77026e2a39a89d5d81b166e1281,0,configs/s4_w.yaml,3.12.13,Linux-6.12.90+-x86_64-with-glibc2.35,length_controlled,BN048|L1|a1|en|local:google/gemma-3-12b-it,BN048,en,1,20,0.9989852362347773,0.11726251884536447
2026-08-17T19:26:53.388935+00:00,dda307c855d2f77026e2a39a89d5d81b166e1281,0,configs/s4_w.yaml,3.12.13,Linux-6.12.90+-x86_64-with-glibc2.35,length_controlled,BN056|L0|a1|en|local:google/gemma-3-12b-it,BN056,en,0,8,1.0,0.8323000070162238
2026-08-17T19:26:53.388935+00:00,dda307c855d2f77026e2a39a89d5d81b166e1281,0,configs/s4_w.yaml,3.12.13,Linux-6.12.90+-x86_64-with-glibc2.35,length_controlled,BN056|L1|a1|en|local:google/gemma-3-12b-it,BN056,en,1,16,0.9999758257011025,0.4474971918022718
2026-08-17T19:26:53.388935+00:00,dda307c855d2f77026e2a39a89d5d81b166e1281,0,configs/s4_w.yaml,3.12.13,Linux-6.12.90+-x86_64-with-glibc2.35,length_controlled,BN063|L0|a1|en|local:google/gemma-3-12b-it,BN063,en,0,13,0.9999987355910193,0.716716456753826
2026-08-17T19:26:53.388935+00:00,dda307c855d2f77026e2a39a89d5d81b166e1281,0,configs/s4_w.yaml,3.12.13,Linux-6.12.90+-x86_64-with-glibc2.35,length_controlled,BN063|L1|a1|en|local:google/gemma-3-12b-it,BN063,en,1,17,0.9995624673005349,0.06474918158125104
2026-08-17T19:26:53.388935+00:00,dda307c855d2f77026e2a39a89d5d81b166e1281,0,configs/s4_w.yaml,3.12.13,Linux-6.12.90+-x86_64-with-glibc2.35,length_controlled,BN065|L0|a1|en|local:google/gemma-3-12b-it,BN065,en,0,12,0.9999999999637192,0.7994297700856166
2026-08-17T19:26:53.388935+00:00,dda307c855d2f77026e2a39a89d5d81b166e1281,0,configs/s4_w.yaml,3.12.13,Linux-6.12.90+-x86_64-with-glibc2.35,length_controlled,BN065|L1|a1|en|local:google/gemma-3-12b-it,BN065,en,1,28,0.9995763811165501,0.0359883655772483
2026-08-17T19:26:53.388935+00:00,dda307c855d2f77026e2a39a89d5d81b166e1281,0,configs/s4_w.yaml,3.12.13,Linux-6.12.90+-x86_64-with-glibc2.35,length_controlled,BN066|L0|a1|en|local:google/gemma-3-12b-it,BN066,en,0,15,0.999999999998907,0.9502539244911231
2026-08-17T19:26:53.388935+00:00,dda307c855d2f77026e2a39a89d5d81b166e1281,0,configs/s4_w.yaml,3.12.13,Linux-6.12.90+-x86_64-with-glibc2.35,length_controlled,BN066|L1|a1|en|local:google/gemma-3-12b-it,BN066,en,1,24,0.9984739781460709,0.027261799273585102
2026-08-17T19:26:53.388935+00:00,dda307c855d2f77026e2a39a89d5d81b166e1281,0,configs/s4_w.yaml,3.12.13,Linux-6.12.90+-x86_64-with-glibc2.35,length_controlled,BN071|L0|a1|en|local:google/gemma-3-12b-it,BN071,en,0,9,0.9999999841783694,0.9341067386439195
2026-08-17T19:26:53.388935+00:00,dda307c855d2f77026e2a39a89d5d81b166e1281,0,configs/s4_w.yaml,3.12.13,Linux-6.12.90+-x86_64-with-glibc2.35,length_controlled,BN071|L1|a1|en|local:google/gemma-3-12b-it,BN071,en,1,16,8.068856043366203e-06,0.07400624301221617
2026-08-17T19:26:53.388935+00:00,dda307c855d2f77026e2a39a89d5d81b166e1281,0,configs/s4_w.yaml,3.12.13,Linux-6.12.90+-x86_64-with-glibc2.35,length_controlled,BN074|L0|a1|en|local:google/gemma-3-12b-it,BN074,en,0,12,0.9999999999995209,0.8392790023349457
2026-08-17T19:26:53.388935+00:00,dda307c855d2f77026e2a39a89d5d81b166e1281,0,configs/s4_w.yaml,3.12.13,Linux-6.12.90+-x86_64-with-glibc2.35,length_controlled,BN074|L1|a1|en|local:google/gemma-3-12b-it,BN074,en,1,24,0.9052518922882244,0.005691296340874841
2026-08-17T19:26:53.388935+00:00,dda307c855d2f77026e2a39a89d5d81b166e1281,0,configs/s4_w.yaml,3.12.13,Linux-6.12.90+-x86_64-with-glibc2.35,length_controlled,BN077|L0|a1|en|local:google/gemma-3-12b-it,BN077,en,0,7,0.9999999991503195,0.8660371395714909
2026-08-17T19:26:53.388935+00:00,dda307c855d2f77026e2a39a89d5d81b166e1281,0,configs/s4_w.yaml,3.12.13,Linux-6.12.90+-x86_64-with-glibc2.35,length_controlled,BN077|L1|a1|en|local:google/gemma-3-12b-it,BN077,en,1,23,0.9745216327208693,0.09259994307299917
2026-08-17T19:26:53.388935+00:00,dda307c855d2f77026e2a39a89d5d81b166e1281,0,configs/s4_w.yaml,3.12.13,Linux-6.12.90+-x86_64-with-glibc2.35,length_controlled,BN089|L0|a1|en|local:google/gemma-3-12b-it,BN089,en,0,9,0.9999999975029801,0.9362446507197877
2026-08-17T19:26:53.388935+00:00,dda307c855d2f77026e2a39a89d5d81b166e1281,0,configs/s4_w.yaml,3.12.13,Linux-6.12.90+-x86_64-with-glibc2.35,length_controlled,BN089|L1|a1|en|local:google/gemma-3-12b-it,BN089,en,1,15,0.9999865635203751,0.12885300218022638
2026-08-17T19:26:53.388935+00:00,dda307c855d2f77026e2a39a89d5d81b166e1281,0,configs/s4_w.yaml,3.12.13,Linux-6.12.90+-x86_64-with-glibc2.35,length_controlled,BN090|L0|a1|en|local:google/gemma-3-12b-it,BN090,en,0,6,0.9998724464345543,0.931876389844618
2026-08-17T19:26:53.388935+00:00,dda307c855d2f77026e2a39a89d5d81b166e1281,0,configs/s4_w.yaml,3.12.13,Linux-6.12.90+-x86_64-with-glibc2.35,length_controlled,BN090|L1|a1|en|local:google/gemma-3-12b-it,BN090,en,1,18,0.999859241989594,0.06285066292827741
2026-08-17T19:26:53.388935+00:00,dda307c855d2f77026e2a39a89d5d81b166e1281,0,configs/s4_w.yaml,3.12.13,Linux-6.12.90+-x86_64-with-glibc2.35,length_controlled,BN092|L0|a1|en|local:google/gemma-3-12b-it,BN092,en,0,13,0.9999999999999997,0.8962735029992562
2026-08-17T19:26:53.388935+00:00,dda307c855d2f77026e2a39a89d5d81b166e1281,0,configs/s4_w.yaml,3.12.13,Linux-6.12.90+-x86_64-with-glibc2.35,length_controlled,BN092|L1|a1|en|local:google/gemma-3-12b-it,BN092,en,1,16,0.9999739758444296,0.08945401366786113
2026-08-17T19:26:53.388935+00:00,dda307c855d2f77026e2a39a89d5d81b166e1281,0,configs/s4_w.yaml,3.12.13,Linux-6.12.90+-x86_64-with-glibc2.35,length_controlled,BN098|L0|a1|en|local:google/gemma-3-12b-it,BN098,en,0,10,0.9993093609351097,0.9368434593280833
2026-08-17T19:26:53.388935+00:00,dda307c855d2f77026e2a39a89d5d81b166e1281,0,configs/s4_w.yaml,3.12.13,Linux-6.12.90+-x86_64-with-glibc2.35,length_controlled,BN098|L1|a1|en|local:google/gemma-3-12b-it,BN098,en,1,23,0.9999999820980913,0.048337933747696966
2026-08-17T19:26:53.388935+00:00,dda307c855d2f77026e2a39a89d5d81b166e1281,0,configs/s4_w.yaml,3.12.13,Linux-6.12.90+-x86_64-with-glibc2.35,length_controlled,BN105|L0|a1|en|local:google/gemma-3-12b-it,BN105,en,0,12,0.9999999999982041,0.8795509375361718
2026-08-17T19:26:53.388935+00:00,dda307c855d2f77026e2a39a89d5d81b166e1281,0,configs/s4_w.yaml,3.12.13,Linux-6.12.90+-x86_64-with-glibc2.35,length_controlled,BN105|L1|a1|en|local:google/gemma-3-12b-it,BN105,en,1,14,0.9999999240487552,0.10527201946072175
2026-08-17T19:26:53.388935+00:00,dda307c855d2f77026e2a39a89d5d81b166e1281,0,configs/s4_w.yaml,3.12.13,Linux-6.12.90+-x86_64-with-glibc2.35,length_controlled,BN108|L0|a1|en|local:google/gemma-3-12b-it,BN108,en,0,8,0.9999999995371669,0.9351052477280717
2026-08-17T19:26:53.388935+00:00,dda307c855d2f77026e2a39a89d5d81b166e1281,0,configs/s4_w.yaml,3.12.13,Linux-6.12.90+-x86_64-with-glibc2.35,length_controlled,BN108|L1|a1|en|local:google/gemma-3-12b-it,BN108,en,1,19,0.9999200551418891,0.21283996224186244
2026-08-17T19:26:53.388935+00:00,dda307c855d2f77026e2a39a89d5d81b166e1281,0,configs/s4_w.yaml,3.12.13,Linux-6.12.90+-x86_64-with-glibc2.35,length_controlled,BN110|L0|a1|en|local:google/gemma-3-12b-it,BN110,en,0,11,0.9999999792447821,0.7266118536441484
2026-08-17T19:26:53.388935+00:00,dda307c855d2f77026e2a39a89d5d81b166e1281,0,configs/s4_w.yaml,3.12.13,Linux-6.12.90+-x86_64-with-glibc2.35,length_controlled,BN110|L1|a1|en|local:google/gemma-3-12b-it,BN110,en,1,17,0.9997876370962306,0.042588089275449825
2026-08-17T19:26:53.388935+00:00,dda307c855d2f77026e2a39a89d5d81b166e1281,0,configs/s4_w.yaml,3.12.13,Linux-6.12.90+-x86_64-with-glibc2.35,length_controlled,BN115|L0|a1|en|local:google/gemma-3-12b-it,BN115,en,0,6,0.9999999995199589,0.8622308138817791
2026-08-17T19:26:53.388935+00:00,dda307c855d2f77026e2a39a89d5d81b166e1281,0,configs/s4_w.yaml,3.12.13,Linux-6.12.90+-x86_64-with-glibc2.35,length_controlled,BN115|L1|a1|en|local:google/gemma-3-12b-it,BN115,en,1,19,0.9891193281651944,0.06499343785999616
2026-08-17T19:26:53.388935+00:00,dda307c855d2f77026e2a39a89d5d81b166e1281,0,configs/s4_w.yaml,3.12.13,Linux-6.12.90+-x86_64-with-glibc2.35,free_length,BN001|L0|a1|bn|local:google/gemma-3-12b-it,BN001,bn,0,7,0.9999999980737745,0.8834998893227908
2026-08-17T19:26:53.388935+00:00,dda307c855d2f77026e2a39a89d5d81b166e1281,0,configs/s4_w.yaml,3.12.13,Linux-6.12.90+-x86_64-with-glibc2.35,free_length,BN001|L1|a1|bn|local:google/gemma-3-12b-it,BN001,bn,1,43,0.7391959666784634,0.025119072364871587
2026-08-17T19:26:53.388935+00:00,dda307c855d2f77026e2a39a89d5d81b166e1281,0,configs/s4_w.yaml,3.12.13,Linux-6.12.90+-x86_64-with-glibc2.35,free_length,BN005|L0|a1|bn|local:google/gemma-3-12b-it,BN005,bn,0,9,0.999999998854667,0.6809567679811859
2026-08-17T19:26:53.388935+00:00,dda307c855d2f77026e2a39a89d5d81b166e1281,0,configs/s4_w.yaml,3.12.13,Linux-6.12.90+-x86_64-with-glibc2.35,free_length,BN005|L1|a1|bn|local:google/gemma-3-12b-it,BN005,bn,1,38,5.016362929165204e-05,0.028875129502140124
2026-08-17T19:26:53.388935+00:00,dda307c855d2f77026e2a39a89d5d81b166e1281,0,configs/s4_w.yaml,3.12.13,Linux-6.12.90+-x86_64-with-glibc2.35,free_length,BN011|L0|a1|bn|local:google/gemma-3-12b-it,BN011,bn,0,14,0.13701445538306745,0.9146273471939329
2026-08-17T19:26:53.388935+00:00,dda307c855d2f77026e2a39a89d5d81b166e1281,0,configs/s4_w.yaml,3.12.13,Linux-6.12.90+-x86_64-with-glibc2.35,free_length,BN011|L1|a1|bn|local:google/gemma-3-12b-it,BN011,bn,1,37,1.5002608081803182e-05,0.023583282408839373
2026-08-17T19:26:53.388935+00:00,dda307c855d2f77026e2a39a89d5d81b166e1281,0,configs/s4_w.yaml,3.12.13,Linux-6.12.90+-x86_64-with-glibc2.35,free_length,BN012|L0|a1|bn|local:google/gemma-3-12b-it,BN012,bn,0,20,0.9999999624344581,0.9519104984830027
2026-08-17T19:26:53.388935+00:00,dda307c855d2f77026e2a39a89d5d81b166e1281,0,configs/s4_w.yaml,3.12.13,Linux-6.12.90+-x86_64-with-glibc2.35,free_length,BN012|L1|a1|bn|local:google/gemma-3-12b-it,BN012,bn,1,26,0.9999999998326552,0.03869561989744107
2026-08-17T19:26:53.388935+00:00,dda307c855d2f77026e2a39a89d5d81b166e1281,0,configs/s4_w.yaml,3.12.13,Linux-6.12.90+-x86_64-with-glibc2.35,free_length,BN013|L0|a1|bn|local:google/gemma-3-12b-it,BN013,bn,0,9,0.9997829968399004,0.8987279243226529
2026-08-17T19:26:53.388935+00:00,dda307c855d2f77026e2a39a89d5d81b166e1281,0,configs/s4_w.yaml,3.12.13,Linux-6.12.90+-x86_64-with-glibc2.35,free_length,BN013|L1|a1|bn|local:google/gemma-3-12b-it,BN013,bn,1,51,0.6382951273777254,0.006104748370543978
2026-08-17T19:26:53.388935+00:00,dda307c855d2f77026e2a39a89d5d81b166e1281,0,configs/s4_w.yaml,3.12.13,Linux-6.12.90+-x86_64-with-glibc2.35,free_length,BN016|L0|a1|bn|local:google/gemma-3-12b-it,BN016,bn,0,7,0.9999999999918248,0.8686458334869758
2026-08-17T19:26:53.388935+00:00,dda307c855d2f77026e2a39a89d5d81b166e1281,0,configs/s4_w.yaml,3.12.13,Linux-6.12.90+-x86_64-with-glibc2.35,free_length,BN016|L1|a1|bn|local:google/gemma-3-12b-it,BN016,bn,1,22,8.579717632735285e-08,0.22206292855349305
2026-08-17T19:26:53.388935+00:00,dda307c855d2f77026e2a39a89d5d81b166e1281,0,configs/s4_w.yaml,3.12.13,Linux-6.12.90+-x86_64-with-glibc2.35,free_length,BN019|L0|a1|bn|local:google/gemma-3-12b-it,BN019,bn,0,16,0.9999999999410832,0.916073830974138
2026-08-17T19:26:53.388935+00:00,dda307c855d2f77026e2a39a89d5d81b166e1281,0,configs/s4_w.yaml,3.12.13,Linux-6.12.90+-x86_64-with-glibc2.35,free_length,BN019|L1|a1|bn|local:google/gemma-3-12b-it,BN019,bn,1,35,0.999807358692169,0.012729074623367696
2026-08-17T19:26:53.388935+00:00,dda307c855d2f77026e2a39a89d5d81b166e1281,0,configs/s4_w.yaml,3.12.13,Linux-6.12.90+-x86_64-with-glibc2.35,free_length,BN027|L0|a1|bn|local:google/gemma-3-12b-it,BN027,bn,0,17,0.999999999921271,0.8389307677050486
2026-08-17T19:26:53.388935+00:00,dda307c855d2f77026e2a39a89d5d81b166e1281,0,configs/s4_w.yaml,3.12.13,Linux-6.12.90+-x86_64-with-glibc2.35,free_length,BN027|L1|a1|bn|local:google/gemma-3-12b-it,BN027,bn,1,39,0.99998599104742,0.03260769849301337
2026-08-17T19:26:53.388935+00:00,dda307c855d2f77026e2a39a89d5d81b166e1281,0,configs/s4_w.yaml,3.12.13,Linux-6.12.90+-x86_64-with-glibc2.35,free_length,BN032|L0|a1|bn|local:google/gemma-3-12b-it,BN032,bn,0,12,0.9999999999902333,0.9019827321047618
2026-08-17T19:26:53.388935+00:00,dda307c855d2f77026e2a39a89d5d81b166e1281,0,configs/s4_w.yaml,3.12.13,Linux-6.12.90+-x86_64-with-glibc2.35,free_length,BN032|L1|a1|bn|local:google/gemma-3-12b-it,BN032,bn,1,23,0.9575102012452033,0.09508824244513141
2026-08-17T19:26:53.388935+00:00,dda307c855d2f77026e2a39a89d5d81b166e1281,0,configs/s4_w.yaml,3.12.13,Linux-6.12.90+-x86_64-with-glibc2.35,free_length,BN037|L0|a1|bn|local:google/gemma-3-12b-it,BN037,bn,0,7,0.9999446160898618,0.3368594996002613
2026-08-17T19:26:53.388935+00:00,dda307c855d2f77026e2a39a89d5d81b166e1281,0,configs/s4_w.yaml,3.12.13,Linux-6.12.90+-x86_64-with-glibc2.35,free_length,BN037|L1|a1|bn|local:google/gemma-3-12b-it,BN037,bn,1,37,0.9947768460478367,0.04591957004264379
2026-08-17T19:26:53.388935+00:00,dda307c855d2f77026e2a39a89d5d81b166e1281,0,configs/s4_w.yaml,3.12.13,Linux-6.12.90+-x86_64-with-glibc2.35,free_length,BN041|L0|a1|bn|local:google/gemma-3-12b-it,BN041,bn,0,7,3.392021596937411e-08,0.8665623580329532
2026-08-17T19:26:53.388935+00:00,dda307c855d2f77026e2a39a89d5d81b166e1281,0,configs/s4_w.yaml,3.12.13,Linux-6.12.90+-x86_64-with-glibc2.35,free_length,BN041|L1|a1|bn|local:google/gemma-3-12b-it,BN041,bn,1,51,0.13654024951849808,0.010182058715519544
2026-08-17T19:26:53.388935+00:00,dda307c855d2f77026e2a39a89d5d81b166e1281,0,configs/s4_w.yaml,3.12.13,Linux-6.12.90+-x86_64-with-glibc2.35,free_length,BN043|L0|a1|bn|local:google/gemma-3-12b-it,BN043,bn,0,24,0.9999999433345288,0.9300723724716955
2026-08-17T19:26:53.388935+00:00,dda307c855d2f77026e2a39a89d5d81b166e1281,0,configs/s4_w.yaml,3.12.13,Linux-6.12.90+-x86_64-with-glibc2.35,free_length,BN043|L1|a1|bn|local:google/gemma-3-12b-it,BN043,bn,1,32,4.696394801057873e-05,0.1681853383326047
2026-08-17T19:26:53.388935+00:00,dda307c855d2f77026e2a39a89d5d81b166e1281,0,configs/s4_w.yaml,3.12.13,Linux-6.12.90+-x86_64-with-glibc2.35,free_length,BN045|L0|a1|bn|local:google/gemma-3-12b-it,BN045,bn,0,13,0.711684324475564,0.7347918068455452
2026-08-17T19:26:53.388935+00:00,dda307c855d2f77026e2a39a89d5d81b166e1281,0,configs/s4_w.yaml,3.12.13,Linux-6.12.90+-x86_64-with-glibc2.35,free_length,BN045|L1|a1|bn|local:google/gemma-3-12b-it,BN045,bn,1,44,0.9884689672517556,0.02061694842206074
2026-08-17T19:26:53.388935+00:00,dda307c855d2f77026e2a39a89d5d81b166e1281,0,configs/s4_w.yaml,3.12.13,Linux-6.12.90+-x86_64-with-glibc2.35,free_length,BN046|L0|a1|bn|local:google/gemma-3-12b-it,BN046,bn,0,11,1.0,0.9382090077648068
2026-08-17T19:26:53.388935+00:00,dda307c855d2f77026e2a39a89d5d81b166e1281,0,configs/s4_w.yaml,3.12.13,Linux-6.12.90+-x86_64-with-glibc2.35,free_length,BN046|L1|a1|bn|local:google/gemma-3-12b-it,BN046,bn,1,48,7.841637186021247e-09,0.012838927208429473
2026-08-17T19:26:53.388935+00:00,dda307c855d2f77026e2a39a89d5d81b166e1281,0,configs/s4_w.yaml,3.12.13,Linux-6.12.90+-x86_64-with-glibc2.35,free_length,BN048|L0|a1|bn|local:google/gemma-3-12b-it,BN048,bn,0,19,0.9999999998702154,0.9519425741063041
2026-08-17T19:26:53.388935+00:00,dda307c855d2f77026e2a39a89d5d81b166e1281,0,configs/s4_w.yaml,3.12.13,Linux-6.12.90+-x86_64-with-glibc2.35,free_length,BN048|L1|a1|bn|local:google/gemma-3-12b-it,BN048,bn,1,34,0.9733868464041636,0.05284145006204156
2026-08-17T19:26:53.388935+00:00,dda307c855d2f77026e2a39a89d5d81b166e1281,0,configs/s4_w.yaml,3.12.13,Linux-6.12.90+-x86_64-with-glibc2.35,free_length,BN056|L0|a1|bn|local:google/gemma-3-12b-it,BN056,bn,0,28,0.9999999999999791,0.9179712366367421
2026-08-17T19:26:53.388935+00:00,dda307c855d2f77026e2a39a89d5d81b166e1281,0,configs/s4_w.yaml,3.12.13,Linux-6.12.90+-x86_64-with-glibc2.35,free_length,BN056|L1|a1|bn|local:google/gemma-3-12b-it,BN056,bn,1,35,0.9997123126730965,0.0519321683823456
2026-08-17T19:26:53.388935+00:00,dda307c855d2f77026e2a39a89d5d81b166e1281,0,configs/s4_w.yaml,3.12.13,Linux-6.12.90+-x86_64-with-glibc2.35,free_length,BN063|L0|a1|bn|local:google/gemma-3-12b-it,BN063,bn,0,14,0.9999999997203927,0.9237022820813545
2026-08-17T19:26:53.388935+00:00,dda307c855d2f77026e2a39a89d5d81b166e1281,0,configs/s4_w.yaml,3.12.13,Linux-6.12.90+-x86_64-with-glibc2.35,free_length,BN063|L1|a1|bn|local:google/gemma-3-12b-it,BN063,bn,1,26,0.00038393160439905967,0.05721603101807273
2026-08-17T19:26:53.388935+00:00,dda307c855d2f77026e2a39a89d5d81b166e1281,0,configs/s4_w.yaml,3.12.13,Linux-6.12.90+-x86_64-with-glibc2.35,free_length,BN065|L0|a1|bn|local:google/gemma-3-12b-it,BN065,bn,0,16,0.9983673010113328,0.9549485711389292
2026-08-17T19:26:53.388935+00:00,dda307c855d2f77026e2a39a89d5d81b166e1281,0,configs/s4_w.yaml,3.12.13,Linux-6.12.90+-x86_64-with-glibc2.35,free_length,BN065|L1|a1|bn|local:google/gemma-3-12b-it,BN065,bn,1,45,0.8983853534576242,0.009984784100789153
2026-08-17T19:26:53.388935+00:00,dda307c855d2f77026e2a39a89d5d81b166e1281,0,configs/s4_w.yaml,3.12.13,Linux-6.12.90+-x86_64-with-glibc2.35,free_length,BN066|L0|a1|bn|local:google/gemma-3-12b-it,BN066,bn,0,26,0.9981093077702006,0.9459066254378578
2026-08-17T19:26:53.388935+00:00,dda307c855d2f77026e2a39a89d5d81b166e1281,0,configs/s4_w.yaml,3.12.13,Linux-6.12.90+-x86_64-with-glibc2.35,free_length,BN066|L1|a1|bn|local:google/gemma-3-12b-it,BN066,bn,1,37,0.8248960793814785,0.03367733194472279
2026-08-17T19:26:53.388935+00:00,dda307c855d2f77026e2a39a89d5d81b166e1281,0,configs/s4_w.yaml,3.12.13,Linux-6.12.90+-x86_64-with-glibc2.35,free_length,BN071|L0|a1|bn|local:google/gemma-3-12b-it,BN071,bn,0,7,0.9988164365715655,0.8707016317749129
2026-08-17T19:26:53.388935+00:00,dda307c855d2f77026e2a39a89d5d81b166e1281,0,configs/s4_w.yaml,3.12.13,Linux-6.12.90+-x86_64-with-glibc2.35,free_length,BN071|L1|a1|bn|local:google/gemma-3-12b-it,BN071,bn,1,35,2.6200611082266517e-09,0.040821111358770305
2026-08-17T19:26:53.388935+00:00,dda307c855d2f77026e2a39a89d5d81b166e1281,0,configs/s4_w.yaml,3.12.13,Linux-6.12.90+-x86_64-with-glibc2.35,free_length,BN074|L0|a1|bn|local:google/gemma-3-12b-it,BN074,bn,0,22,0.9999999999620952,0.8798915090518922
2026-08-17T19:26:53.388935+00:00,dda307c855d2f77026e2a39a89d5d81b166e1281,0,configs/s4_w.yaml,3.12.13,Linux-6.12.90+-x86_64-with-glibc2.35,free_length,BN074|L1|a1|bn|local:google/gemma-3-12b-it,BN074,bn,1,49,0.9736898911048655,0.005749718781948951
2026-08-17T19:26:53.388935+00:00,dda307c855d2f77026e2a39a89d5d81b166e1281,0,configs/s4_w.yaml,3.12.13,Linux-6.12.90+-x86_64-with-glibc2.35,free_length,BN077|L0|a1|bn|local:google/gemma-3-12b-it,BN077,bn,0,9,0.0029403903327356318,0.8944778894539431
2026-08-17T19:26:53.388935+00:00,dda307c855d2f77026e2a39a89d5d81b166e1281,0,configs/s4_w.yaml,3.12.13,Linux-6.12.90+-x86_64-with-glibc2.35,free_length,BN077|L1|a1|bn|local:google/gemma-3-12b-it,BN077,bn,1,39,0.7077845252743412,0.01575163420817517
2026-08-17T19:26:53.388935+00:00,dda307c855d2f77026e2a39a89d5d81b166e1281,0,configs/s4_w.yaml,3.12.13,Linux-6.12.90+-x86_64-with-glibc2.35,free_length,BN089|L0|a1|bn|local:google/gemma-3-12b-it,BN089,bn,0,7,4.2481202999766765e-09,0.8665623580329532
2026-08-17T19:26:53.388935+00:00,dda307c855d2f77026e2a39a89d5d81b166e1281,0,configs/s4_w.yaml,3.12.13,Linux-6.12.90+-x86_64-with-glibc2.35,free_length,BN089|L1|a1|bn|local:google/gemma-3-12b-it,BN089,bn,1,34,0.9999953201304451,0.044113000320803404
2026-08-17T19:26:53.388935+00:00,dda307c855d2f77026e2a39a89d5d81b166e1281,0,configs/s4_w.yaml,3.12.13,Linux-6.12.90+-x86_64-with-glibc2.35,free_length,BN090|L0|a1|bn|local:google/gemma-3-12b-it,BN090,bn,0,6,0.999999999237208,0.932211471505725
2026-08-17T19:26:53.388935+00:00,dda307c855d2f77026e2a39a89d5d81b166e1281,0,configs/s4_w.yaml,3.12.13,Linux-6.12.90+-x86_64-with-glibc2.35,free_length,BN090|L1|a1|bn|local:google/gemma-3-12b-it,BN090,bn,1,34,0.9177844270766797,0.07809359776121995
2026-08-17T19:26:53.388935+00:00,dda307c855d2f77026e2a39a89d5d81b166e1281,0,configs/s4_w.yaml,3.12.13,Linux-6.12.90+-x86_64-with-glibc2.35,free_length,BN092|L0|a1|bn|local:google/gemma-3-12b-it,BN092,bn,0,15,0.999999999997478,0.9174185605066462
2026-08-17T19:26:53.388935+00:00,dda307c855d2f77026e2a39a89d5d81b166e1281,0,configs/s4_w.yaml,3.12.13,Linux-6.12.90+-x86_64-with-glibc2.35,free_length,BN092|L1|a1|bn|local:google/gemma-3-12b-it,BN092,bn,1,41,0.9999960120049047,0.018213820090279973
2026-08-17T19:26:53.388935+00:00,dda307c855d2f77026e2a39a89d5d81b166e1281,0,configs/s4_w.yaml,3.12.13,Linux-6.12.90+-x86_64-with-glibc2.35,free_length,BN098|L0|a1|bn|local:google/gemma-3-12b-it,BN098,bn,0,7,0.9880674247999287,0.6957504714873464
2026-08-17T19:26:53.388935+00:00,dda307c855d2f77026e2a39a89d5d81b166e1281,0,configs/s4_w.yaml,3.12.13,Linux-6.12.90+-x86_64-with-glibc2.35,free_length,BN098|L1|a1|bn|local:google/gemma-3-12b-it,BN098,bn,1,34,0.9711474402646075,0.04572189192279181
2026-08-17T19:26:53.388935+00:00,dda307c855d2f77026e2a39a89d5d81b166e1281,0,configs/s4_w.yaml,3.12.13,Linux-6.12.90+-x86_64-with-glibc2.35,free_length,BN105|L0|a1|bn|local:google/gemma-3-12b-it,BN105,bn,0,20,0.00012716232950160666,0.8069401913149238
2026-08-17T19:26:53.388935+00:00,dda307c855d2f77026e2a39a89d5d81b166e1281,0,configs/s4_w.yaml,3.12.13,Linux-6.12.90+-x86_64-with-glibc2.35,free_length,BN105|L1|a1|bn|local:google/gemma-3-12b-it,BN105,bn,1,47,0.00018534565038322336,0.014685233969465335
2026-08-17T19:26:53.388935+00:00,dda307c855d2f77026e2a39a89d5d81b166e1281,0,configs/s4_w.yaml,3.12.13,Linux-6.12.90+-x86_64-with-glibc2.35,free_length,BN108|L0|a1|bn|local:google/gemma-3-12b-it,BN108,bn,0,11,0.9999999999999997,0.8761618385301755
2026-08-17T19:26:53.388935+00:00,dda307c855d2f77026e2a39a89d5d81b166e1281,0,configs/s4_w.yaml,3.12.13,Linux-6.12.90+-x86_64-with-glibc2.35,free_length,BN108|L1|a1|bn|local:google/gemma-3-12b-it,BN108,bn,1,32,1.7801576163731679e-06,0.16721616900678207
2026-08-17T19:26:53.388935+00:00,dda307c855d2f77026e2a39a89d5d81b166e1281,0,configs/s4_w.yaml,3.12.13,Linux-6.12.90+-x86_64-with-glibc2.35,free_length,BN110|L0|a1|bn|local:google/gemma-3-12b-it,BN110,bn,0,9,0.9999999999642727,0.5086835095746303
2026-08-17T19:26:53.388935+00:00,dda307c855d2f77026e2a39a89d5d81b166e1281,0,configs/s4_w.yaml,3.12.13,Linux-6.12.90+-x86_64-with-glibc2.35,free_length,BN110|L1|a1|bn|local:google/gemma-3-12b-it,BN110,bn,1,54,0.1297433930072003,0.030777191792139138
2026-08-17T19:26:53.388935+00:00,dda307c855d2f77026e2a39a89d5d81b166e1281,0,configs/s4_w.yaml,3.12.13,Linux-6.12.90+-x86_64-with-glibc2.35,free_length,BN115|L0|a1|bn|local:google/gemma-3-12b-it,BN115,bn,0,17,0.9999999999999943,0.9315445335576343
2026-08-17T19:26:53.388935+00:00,dda307c855d2f77026e2a39a89d5d81b166e1281,0,configs/s4_w.yaml,3.12.13,Linux-6.12.90+-x86_64-with-glibc2.35,free_length,BN115|L1|a1|bn|local:google/gemma-3-12b-it,BN115,bn,1,47,5.794171966645587e-07,0.010737892595410253
2026-08-17T19:26:53.388935+00:00,dda307c855d2f77026e2a39a89d5d81b166e1281,0,configs/s4_w.yaml,3.12.13,Linux-6.12.90+-x86_64-with-glibc2.35,free_length,BN001|L0|a1|en|local:google/gemma-3-12b-it,BN001,en,0,3,0.9999999999999825,0.5312135297422558
2026-08-17T19:26:53.388935+00:00,dda307c855d2f77026e2a39a89d5d81b166e1281,0,configs/s4_w.yaml,3.12.13,Linux-6.12.90+-x86_64-with-glibc2.35,free_length,BN001|L1|a1|en|local:google/gemma-3-12b-it,BN001,en,1,35,0.48836369739999863,0.021331181076544466
2026-08-17T19:26:53.388935+00:00,dda307c855d2f77026e2a39a89d5d81b166e1281,0,configs/s4_w.yaml,3.12.13,Linux-6.12.90+-x86_64-with-glibc2.35,free_length,BN005|L0|a1|en|local:google/gemma-3-12b-it,BN005,en,0,3,0.9999999998465732,0.5443631547871519
2026-08-17T19:26:53.388935+00:00,dda307c855d2f77026e2a39a89d5d81b166e1281,0,configs/s4_w.yaml,3.12.13,Linux-6.12.90+-x86_64-with-glibc2.35,free_length,BN005|L1|a1|en|local:google/gemma-3-12b-it,BN005,en,1,40,0.9999956478140332,0.01601559162329381
2026-08-17T19:26:53.388935+00:00,dda307c855d2f77026e2a39a89d5d81b166e1281,0,configs/s4_w.yaml,3.12.13,Linux-6.12.90+-x86_64-with-glibc2.35,free_length,BN011|L0|a1|en|local:google/gemma-3-12b-it,BN011,en,0,5,0.9999999987272066,0.8537589875345106
2026-08-17T19:26:53.388935+00:00,dda307c855d2f77026e2a39a89d5d81b166e1281,0,configs/s4_w.yaml,3.12.13,Linux-6.12.90+-x86_64-with-glibc2.35,free_length,BN011|L1|a1|en|local:google/gemma-3-12b-it,BN011,en,1,41,0.9945138119208461,0.01018156595519681
2026-08-17T19:26:53.388935+00:00,dda307c855d2f77026e2a39a89d5d81b166e1281,0,configs/s4_w.yaml,3.12.13,Linux-6.12.90+-x86_64-with-glibc2.35,free_length,BN012|L0|a1|en|local:google/gemma-3-12b-it,BN012,en,0,10,0.9999999999422029,0.6750698191832866
2026-08-17T19:26:53.388935+00:00,dda307c855d2f77026e2a39a89d5d81b166e1281,0,configs/s4_w.yaml,3.12.13,Linux-6.12.90+-x86_64-with-glibc2.35,free_length,BN012|L1|a1|en|local:google/gemma-3-12b-it,BN012,en,1,41,0.9999997362780655,0.023454321917011325
2026-08-17T19:26:53.388935+00:00,dda307c855d2f77026e2a39a89d5d81b166e1281,0,configs/s4_w.yaml,3.12.13,Linux-6.12.90+-x86_64-with-glibc2.35,free_length,BN013|L0|a1|en|local:google/gemma-3-12b-it,BN013,en,0,5,0.9973964682958067,0.8056637224854449
2026-08-17T19:26:53.388935+00:00,dda307c855d2f77026e2a39a89d5d81b166e1281,0,configs/s4_w.yaml,3.12.13,Linux-6.12.90+-x86_64-with-glibc2.35,free_length,BN013|L1|a1|en|local:google/gemma-3-12b-it,BN013,en,1,48,0.9896228445650209,0.0072792367180241355
2026-08-17T19:26:53.388935+00:00,dda307c855d2f77026e2a39a89d5d81b166e1281,0,configs/s4_w.yaml,3.12.13,Linux-6.12.90+-x86_64-with-glibc2.35,free_length,BN016|L0|a1|en|local:google/gemma-3-12b-it,BN016,en,0,5,0.032280439388971294,0.7305295559657596
2026-08-17T19:26:53.388935+00:00,dda307c855d2f77026e2a39a89d5d81b166e1281,0,configs/s4_w.yaml,3.12.13,Linux-6.12.90+-x86_64-with-glibc2.35,free_length,BN016|L1|a1|en|local:google/gemma-3-12b-it,BN016,en,1,40,4.516713136584348e-05,0.022105369394383245
2026-08-17T19:26:53.388935+00:00,dda307c855d2f77026e2a39a89d5d81b166e1281,0,configs/s4_w.yaml,3.12.13,Linux-6.12.90+-x86_64-with-glibc2.35,free_length,BN019|L0|a1|en|local:google/gemma-3-12b-it,BN019,en,0,6,0.9999999999999852,0.9301778446171094
2026-08-17T19:26:53.388935+00:00,dda307c855d2f77026e2a39a89d5d81b166e1281,0,configs/s4_w.yaml,3.12.13,Linux-6.12.90+-x86_64-with-glibc2.35,free_length,BN019|L1|a1|en|local:google/gemma-3-12b-it,BN019,en,1,38,0.00024543219015911807,0.022691640002986128
2026-08-17T19:26:53.388935+00:00,dda307c855d2f77026e2a39a89d5d81b166e1281,0,configs/s4_w.yaml,3.12.13,Linux-6.12.90+-x86_64-with-glibc2.35,free_length,BN027|L0|a1|en|local:google/gemma-3-12b-it,BN027,en,0,3,0.9999999999584078,0.5417375808590749
2026-08-17T19:26:53.388935+00:00,dda307c855d2f77026e2a39a89d5d81b166e1281,0,configs/s4_w.yaml,3.12.13,Linux-6.12.90+-x86_64-with-glibc2.35,free_length,BN027|L1|a1|en|local:google/gemma-3-12b-it,BN027,en,1,33,0.9999959606453956,0.026977978891853747
2026-08-17T19:26:53.388935+00:00,dda307c855d2f77026e2a39a89d5d81b166e1281,0,configs/s4_w.yaml,3.12.13,Linux-6.12.90+-x86_64-with-glibc2.35,free_length,BN032|L0|a1|en|local:google/gemma-3-12b-it,BN032,en,0,6,0.9999992169053673,0.9305206580508226
2026-08-17T19:26:53.388935+00:00,dda307c855d2f77026e2a39a89d5d81b166e1281,0,configs/s4_w.yaml,3.12.13,Linux-6.12.90+-x86_64-with-glibc2.35,free_length,BN032|L1|a1|en|local:google/gemma-3-12b-it,BN032,en,1,37,0.9999985332458365,0.01943475028985078
2026-08-17T19:26:53.388935+00:00,dda307c855d2f77026e2a39a89d5d81b166e1281,0,configs/s4_w.yaml,3.12.13,Linux-6.12.90+-x86_64-with-glibc2.35,free_length,BN037|L0|a1|en|local:google/gemma-3-12b-it,BN037,en,0,4,0.9999999999999997,0.9327582585091198
2026-08-17T19:26:53.388935+00:00,dda307c855d2f77026e2a39a89d5d81b166e1281,0,configs/s4_w.yaml,3.12.13,Linux-6.12.90+-x86_64-with-glibc2.35,free_length,BN037|L1|a1|en|local:google/gemma-3-12b-it,BN037,en,1,51,0.9999408615391571,0.04571397307716947
2026-08-17T19:26:53.388935+00:00,dda307c855d2f77026e2a39a89d5d81b166e1281,0,configs/s4_w.yaml,3.12.13,Linux-6.12.90+-x86_64-with-glibc2.35,free_length,BN041|L0|a1|en|local:google/gemma-3-12b-it,BN041,en,0,10,0.9999999999993152,0.8927525403597327
2026-08-17T19:26:53.388935+00:00,dda307c855d2f77026e2a39a89d5d81b166e1281,0,configs/s4_w.yaml,3.12.13,Linux-6.12.90+-x86_64-with-glibc2.35,free_length,BN041|L1|a1|en|local:google/gemma-3-12b-it,BN041,en,1,53,0.08471125994384965,0.0072066049900493395
2026-08-17T19:26:53.388935+00:00,dda307c855d2f77026e2a39a89d5d81b166e1281,0,configs/s4_w.yaml,3.12.13,Linux-6.12.90+-x86_64-with-glibc2.35,free_length,BN043|L0|a1|en|local:google/gemma-3-12b-it,BN043,en,0,5,0.9999999999118436,0.7342622518004769
2026-08-17T19:26:53.388935+00:00,dda307c855d2f77026e2a39a89d5d81b166e1281,0,configs/s4_w.yaml,3.12.13,Linux-6.12.90+-x86_64-with-glibc2.35,free_length,BN043|L1|a1|en|local:google/gemma-3-12b-it,BN043,en,1,37,0.06003317333016462,0.08571564621172532
2026-08-17T19:26:53.388935+00:00,dda307c855d2f77026e2a39a89d5d81b166e1281,0,configs/s4_w.yaml,3.12.13,Linux-6.12.90+-x86_64-with-glibc2.35,free_length,BN045|L0|a1|en|local:google/gemma-3-12b-it,BN045,en,0,10,0.9999999999992518,0.8918373709440687
2026-08-17T19:26:53.388935+00:00,dda307c855d2f77026e2a39a89d5d81b166e1281,0,configs/s4_w.yaml,3.12.13,Linux-6.12.90+-x86_64-with-glibc2.35,free_length,BN045|L1|a1|en|local:google/gemma-3-12b-it,BN045,en,1,43,0.983385174365448,0.01596838176420955
2026-08-17T19:26:53.388935+00:00,dda307c855d2f77026e2a39a89d5d81b166e1281,0,configs/s4_w.yaml,3.12.13,Linux-6.12.90+-x86_64-with-glibc2.35,free_length,BN046|L0|a1|en|local:google/gemma-3-12b-it,BN046,en,0,5,0.9999982027408693,0.8553371453279651
2026-08-17T19:26:53.388935+00:00,dda307c855d2f77026e2a39a89d5d81b166e1281,0,configs/s4_w.yaml,3.12.13,Linux-6.12.90+-x86_64-with-glibc2.35,free_length,BN046|L1|a1|en|local:google/gemma-3-12b-it,BN046,en,1,54,3.6696253894184695e-08,0.009931118138218353
2026-08-17T19:26:53.388935+00:00,dda307c855d2f77026e2a39a89d5d81b166e1281,0,configs/s4_w.yaml,3.12.13,Linux-6.12.90+-x86_64-with-glibc2.35,free_length,BN048|L0|a1|en|local:google/gemma-3-12b-it,BN048,en,0,4,0.9999999999895025,0.6312953083016642
2026-08-17T19:26:53.388935+00:00,dda307c855d2f77026e2a39a89d5d81b166e1281,0,configs/s4_w.yaml,3.12.13,Linux-6.12.90+-x86_64-with-glibc2.35,free_length,BN048|L1|a1|en|local:google/gemma-3-12b-it,BN048,en,1,37,0.9999998266327187,0.013538639596035688
2026-08-17T19:26:53.388935+00:00,dda307c855d2f77026e2a39a89d5d81b166e1281,0,configs/s4_w.yaml,3.12.13,Linux-6.12.90+-x86_64-with-glibc2.35,free_length,BN056|L0|a1|en|local:google/gemma-3-12b-it,BN056,en,0,6,0.999999999712736,0.9315397734981297
2026-08-17T19:26:53.388935+00:00,dda307c855d2f77026e2a39a89d5d81b166e1281,0,configs/s4_w.yaml,3.12.13,Linux-6.12.90+-x86_64-with-glibc2.35,free_length,BN056|L1|a1|en|local:google/gemma-3-12b-it,BN056,en,1,34,0.9999934317496422,0.03260759248330579
2026-08-17T19:26:53.388935+00:00,dda307c855d2f77026e2a39a89d5d81b166e1281,0,configs/s4_w.yaml,3.12.13,Linux-6.12.90+-x86_64-with-glibc2.35,free_length,BN063|L0|a1|en|local:google/gemma-3-12b-it,BN063,en,0,8,0.9999999999299582,0.9340136938818557
2026-08-17T19:26:53.388935+00:00,dda307c855d2f77026e2a39a89d5d81b166e1281,0,configs/s4_w.yaml,3.12.13,Linux-6.12.90+-x86_64-with-glibc2.35,free_length,BN063|L1|a1|en|local:google/gemma-3-12b-it,BN063,en,1,35,0.9802587821928289,0.026715994751048123
2026-08-17T19:26:53.388935+00:00,dda307c855d2f77026e2a39a89d5d81b166e1281,0,configs/s4_w.yaml,3.12.13,Linux-6.12.90+-x86_64-with-glibc2.35,free_length,BN065|L0|a1|en|local:google/gemma-3-12b-it,BN065,en,0,8,0.9999999982768061,0.9421179627437535
2026-08-17T19:26:53.388935+00:00,dda307c855d2f77026e2a39a89d5d81b166e1281,0,configs/s4_w.yaml,3.12.13,Linux-6.12.90+-x86_64-with-glibc2.35,free_length,BN065|L1|a1|en|local:google/gemma-3-12b-it,BN065,en,1,35,0.45455985296970813,0.02659687388163177
2026-08-17T19:26:53.388935+00:00,dda307c855d2f77026e2a39a89d5d81b166e1281,0,configs/s4_w.yaml,3.12.13,Linux-6.12.90+-x86_64-with-glibc2.35,free_length,BN066|L0|a1|en|local:google/gemma-3-12b-it,BN066,en,0,15,0.999999999998907,0.9502539244911231
2026-08-17T19:26:53.388935+00:00,dda307c855d2f77026e2a39a89d5d81b166e1281,0,configs/s4_w.yaml,3.12.13,Linux-6.12.90+-x86_64-with-glibc2.35,free_length,BN066|L1|a1|en|local:google/gemma-3-12b-it,BN066,en,1,46,0.9966111129032067,0.010621906118337266
2026-08-17T19:26:53.388935+00:00,dda307c855d2f77026e2a39a89d5d81b166e1281,0,configs/s4_w.yaml,3.12.13,Linux-6.12.90+-x86_64-with-glibc2.35,free_length,BN071|L0|a1|en|local:google/gemma-3-12b-it,BN071,en,0,6,0.9999999968133632,0.932211471505725
2026-08-17T19:26:53.388935+00:00,dda307c855d2f77026e2a39a89d5d81b166e1281,0,configs/s4_w.yaml,3.12.13,Linux-6.12.90+-x86_64-with-glibc2.35,free_length,BN071|L1|a1|en|local:google/gemma-3-12b-it,BN071,en,1,45,0.029137781722657026,0.013036117315315279
2026-08-17T19:26:53.388935+00:00,dda307c855d2f77026e2a39a89d5d81b166e1281,0,configs/s4_w.yaml,3.12.13,Linux-6.12.90+-x86_64-with-glibc2.35,free_length,BN074|L0|a1|en|local:google/gemma-3-12b-it,BN074,en,0,7,0.9999999977574382,0.9440855293688529
2026-08-17T19:26:53.388935+00:00,dda307c855d2f77026e2a39a89d5d81b166e1281,0,configs/s4_w.yaml,3.12.13,Linux-6.12.90+-x86_64-with-glibc2.35,free_length,BN074|L1|a1|en|local:google/gemma-3-12b-it,BN074,en,1,25,0.009112704662442473,0.049750837827472055
2026-08-17T19:26:53.388935+00:00,dda307c855d2f77026e2a39a89d5d81b166e1281,0,configs/s4_w.yaml,3.12.13,Linux-6.12.90+-x86_64-with-glibc2.35,free_length,BN077|L0|a1|en|local:google/gemma-3-12b-it,BN077,en,0,6,0.9999999899409181,0.86033463836349
2026-08-17T19:26:53.388935+00:00,dda307c855d2f77026e2a39a89d5d81b166e1281,0,configs/s4_w.yaml,3.12.13,Linux-6.12.90+-x86_64-with-glibc2.35,free_length,BN077|L1|a1|en|local:google/gemma-3-12b-it,BN077,en,1,37,0.700260646343328,0.018883818193869584
2026-08-17T19:26:53.388935+00:00,dda307c855d2f77026e2a39a89d5d81b166e1281,0,configs/s4_w.yaml,3.12.13,Linux-6.12.90+-x86_64-with-glibc2.35,free_length,BN089|L0|a1|en|local:google/gemma-3-12b-it,BN089,en,0,9,0.9999999846814089,0.9362446507197877
2026-08-17T19:26:53.388935+00:00,dda307c855d2f77026e2a39a89d5d81b166e1281,0,configs/s4_w.yaml,3.12.13,Linux-6.12.90+-x86_64-with-glibc2.35,free_length,BN089|L1|a1|en|local:google/gemma-3-12b-it,BN089,en,1,40,0.9999999934505532,0.021208739925615047
2026-08-17T19:26:53.388935+00:00,dda307c855d2f77026e2a39a89d5d81b166e1281,0,configs/s4_w.yaml,3.12.13,Linux-6.12.90+-x86_64-with-glibc2.35,free_length,BN090|L0|a1|en|local:google/gemma-3-12b-it,BN090,en,0,7,0.9999999999990205,0.929095024166483
2026-08-17T19:26:53.388935+00:00,dda307c855d2f77026e2a39a89d5d81b166e1281,0,configs/s4_w.yaml,3.12.13,Linux-6.12.90+-x86_64-with-glibc2.35,free_length,BN090|L1|a1|en|local:google/gemma-3-12b-it,BN090,en,1,47,0.999967491406896,0.012677527720636612
2026-08-17T19:26:53.388935+00:00,dda307c855d2f77026e2a39a89d5d81b166e1281,0,configs/s4_w.yaml,3.12.13,Linux-6.12.90+-x86_64-with-glibc2.35,free_length,BN092|L0|a1|en|local:google/gemma-3-12b-it,BN092,en,0,7,0.9999999999998839,0.9287957136176445
2026-08-17T19:26:53.388935+00:00,dda307c855d2f77026e2a39a89d5d81b166e1281,0,configs/s4_w.yaml,3.12.13,Linux-6.12.90+-x86_64-with-glibc2.35,free_length,BN092|L1|a1|en|local:google/gemma-3-12b-it,BN092,en,1,32,0.9999987633314568,0.024422528135005495
2026-08-17T19:26:53.388935+00:00,dda307c855d2f77026e2a39a89d5d81b166e1281,0,configs/s4_w.yaml,3.12.13,Linux-6.12.90+-x86_64-with-glibc2.35,free_length,BN098|L0|a1|en|local:google/gemma-3-12b-it,BN098,en,0,7,0.9999999986823163,0.9275867718006257
2026-08-17T19:26:53.388935+00:00,dda307c855d2f77026e2a39a89d5d81b166e1281,0,configs/s4_w.yaml,3.12.13,Linux-6.12.90+-x86_64-with-glibc2.35,free_length,BN098|L1|a1|en|local:google/gemma-3-12b-it,BN098,en,1,46,0.9948016517592301,0.04540394813721024
2026-08-17T19:26:53.388935+00:00,dda307c855d2f77026e2a39a89d5d81b166e1281,0,configs/s4_w.yaml,3.12.13,Linux-6.12.90+-x86_64-with-glibc2.35,free_length,BN105|L0|a1|en|local:google/gemma-3-12b-it,BN105,en,0,6,3.0452760111376875e-06,0.9291399973627569
2026-08-17T19:26:53.388935+00:00,dda307c855d2f77026e2a39a89d5d81b166e1281,0,configs/s4_w.yaml,3.12.13,Linux-6.12.90+-x86_64-with-glibc2.35,free_length,BN105|L1|a1|en|local:google/gemma-3-12b-it,BN105,en,1,27,0.9981418783828062,0.03040815366253522
2026-08-17T19:26:53.388935+00:00,dda307c855d2f77026e2a39a89d5d81b166e1281,0,configs/s4_w.yaml,3.12.13,Linux-6.12.90+-x86_64-with-glibc2.35,free_length,BN108|L0|a1|en|local:google/gemma-3-12b-it,BN108,en,0,3,0.9999999998465732,0.5443631547871519
2026-08-17T19:26:53.388935+00:00,dda307c855d2f77026e2a39a89d5d81b166e1281,0,configs/s4_w.yaml,3.12.13,Linux-6.12.90+-x86_64-with-glibc2.35,free_length,BN108|L1|a1|en|local:google/gemma-3-12b-it,BN108,en,1,39,0.999999945971457,0.031279378328870046
2026-08-17T19:26:53.388935+00:00,dda307c855d2f77026e2a39a89d5d81b166e1281,0,configs/s4_w.yaml,3.12.13,Linux-6.12.90+-x86_64-with-glibc2.35,free_length,BN110|L0|a1|en|local:google/gemma-3-12b-it,BN110,en,0,4,0.6907645202066551,0.5152582482742092
2026-08-17T19:26:53.388935+00:00,dda307c855d2f77026e2a39a89d5d81b166e1281,0,configs/s4_w.yaml,3.12.13,Linux-6.12.90+-x86_64-with-glibc2.35,free_length,BN110|L1|a1|en|local:google/gemma-3-12b-it,BN110,en,1,50,1.4136641652932505e-07,0.009214215325133225
2026-08-17T19:26:53.388935+00:00,dda307c855d2f77026e2a39a89d5d81b166e1281,0,configs/s4_w.yaml,3.12.13,Linux-6.12.90+-x86_64-with-glibc2.35,free_length,BN115|L0|a1|en|local:google/gemma-3-12b-it,BN115,en,0,7,0.999999999999921,0.9284952368312049
2026-08-17T19:26:53.388935+00:00,dda307c855d2f77026e2a39a89d5d81b166e1281,0,configs/s4_w.yaml,3.12.13,Linux-6.12.90+-x86_64-with-glibc2.35,free_length,BN115|L1|a1|en|local:google/gemma-3-12b-it,BN115,en,1,43,3.853513389778936e-06,0.013632149376982396
