_timestamp_utc,_git_commit,_untracked_files,_config,_python,_platform,condition,attempt,n_cases,mean_verifier_a,mean_verifier_b,mean_a_minus_b,interpretation
2026-08-22T14:55:15.580520+00:00,916d3fdf33d31c8421a8e534eb5cedb4d5f974d0,8,configs/s5_goodhart_bn.yaml,3.12.13,Linux-6.12.90+-x86_64-with-glibc2.35,rag_neural_loop,1,540,0.7116710890818663,0.6835941411603363,0.02807694792152999,descriptive; later attempts are failure-selected
2026-08-22T14:55:15.580520+00:00,916d3fdf33d31c8421a8e534eb5cedb4d5f974d0,8,configs/s5_goodhart_bn.yaml,3.12.13,Linux-6.12.90+-x86_64-with-glibc2.35,rag_neural_loop,2,147,0.5351357431275131,0.5367307826331983,-0.0015950395056851057,descriptive; later attempts are failure-selected
2026-08-22T14:55:15.580520+00:00,916d3fdf33d31c8421a8e534eb5cedb4d5f974d0,8,configs/s5_goodhart_bn.yaml,3.12.13,Linux-6.12.90+-x86_64-with-glibc2.35,rag_neural_loop,3,67,0.4044684948427003,0.45996767854368237,-0.05549918370098208,descriptive; later attempts are failure-selected
2026-08-22T14:55:15.580520+00:00,916d3fdf33d31c8421a8e534eb5cedb4d5f974d0,8,configs/s5_goodhart_bn.yaml,3.12.13,Linux-6.12.90+-x86_64-with-glibc2.35,rag_neural_symbolic_feedback,1,540,0.7116710890818663,0.6835941377831497,0.028076951298716634,descriptive; later attempts are failure-selected
2026-08-22T14:55:15.580520+00:00,916d3fdf33d31c8421a8e534eb5cedb4d5f974d0,8,configs/s5_goodhart_bn.yaml,3.12.13,Linux-6.12.90+-x86_64-with-glibc2.35,rag_neural_symbolic_feedback,2,147,0.5898173917461654,0.6327334111686439,-0.04291601942247842,descriptive; later attempts are failure-selected
2026-08-22T14:55:15.580520+00:00,916d3fdf33d31c8421a8e534eb5cedb4d5f974d0,8,configs/s5_goodhart_bn.yaml,3.12.13,Linux-6.12.90+-x86_64-with-glibc2.35,rag_neural_symbolic_feedback,3,58,0.4312150055992302,0.4690416905434578,-0.03782668494422759,descriptive; later attempts are failure-selected
2026-08-22T14:55:15.580520+00:00,916d3fdf33d31c8421a8e534eb5cedb4d5f974d0,8,configs/s5_goodhart_bn.yaml,3.12.13,Linux-6.12.90+-x86_64-with-glibc2.35,rag_symbolic_loop,1,540,0.7116710890818663,0.6835941379765724,0.02807695110529393,descriptive; later attempts are failure-selected
2026-08-22T14:55:15.580520+00:00,916d3fdf33d31c8421a8e534eb5cedb4d5f974d0,8,configs/s5_goodhart_bn.yaml,3.12.13,Linux-6.12.90+-x86_64-with-glibc2.35,rag_symbolic_loop,2,193,0.6880038735487785,0.8159614876403203,-0.12795761409154177,descriptive; later attempts are failure-selected
2026-08-22T14:55:15.580520+00:00,916d3fdf33d31c8421a8e534eb5cedb4d5f974d0,8,configs/s5_goodhart_bn.yaml,3.12.13,Linux-6.12.90+-x86_64-with-glibc2.35,rag_symbolic_loop,3,165,0.685856474678889,0.8390577639770079,-0.1532012892981188,descriptive; later attempts are failure-selected
