_timestamp_utc,_git_commit,_untracked_files,_config,_python,_platform,condition,baseline,n_pairs,b_probability_delta,ci_low,ci_high,bootstrap_p,mcnemar_p,discordant_condition_only_success,discordant_baseline_only_success,bh_q_bootstrap_p
2026-08-22T14:47:16.347812+00:00,e85c645134dafe5024515cf86aa8b00f0ed7e8e9,8,configs/s5_analysis_bn.yaml,3.12.13,Linux-6.12.90+-x86_64-with-glibc2.35,static_few_shot,zero_shot,540,0.1451222012178697,0.10011294506277693,0.1896636067009494,0.00019998000199980003,1.656178474190763e-09,137,54,0.00019998000199980003
2026-08-22T14:47:16.347812+00:00,e85c645134dafe5024515cf86aa8b00f0ed7e8e9,8,configs/s5_analysis_bn.yaml,3.12.13,Linux-6.12.90+-x86_64-with-glibc2.35,rag_only,zero_shot,540,0.11824361879898777,0.07528133838938916,0.1617616168089164,0.00019998000199980003,3.183762238122357e-07,122,54,0.00019998000199980003
2026-08-22T14:47:16.347812+00:00,e85c645134dafe5024515cf86aa8b00f0ed7e8e9,8,configs/s5_analysis_bn.yaml,3.12.13,Linux-6.12.90+-x86_64-with-glibc2.35,rag_neural_loop,zero_shot,540,0.23539419189891778,0.1933701477894099,0.2771996122569173,0.00019998000199980003,2.697730904322671e-25,167,28,0.00019998000199980003
2026-08-22T14:47:16.347812+00:00,e85c645134dafe5024515cf86aa8b00f0ed7e8e9,8,configs/s5_analysis_bn.yaml,3.12.13,Linux-6.12.90+-x86_64-with-glibc2.35,rag_symbolic_loop,zero_shot,540,0.10913133534623294,0.06488372997434184,0.1524444739645171,0.00019998000199980003,2.864403723470169e-06,121,58,0.00019998000199980003
2026-08-22T14:47:16.347812+00:00,e85c645134dafe5024515cf86aa8b00f0ed7e8e9,8,configs/s5_analysis_bn.yaml,3.12.13,Linux-6.12.90+-x86_64-with-glibc2.35,rag_neural_symbolic_feedback,zero_shot,540,0.2569859109429264,0.2150521826811905,0.29872116164936224,0.00019998000199980003,1.4614294811601325e-28,176,26,0.00019998000199980003
2026-08-22T14:47:16.347812+00:00,e85c645134dafe5024515cf86aa8b00f0ed7e8e9,8,configs/s5_analysis_bn.yaml,3.12.13,Linux-6.12.90+-x86_64-with-glibc2.35,intrinsic_self_critique,zero_shot,540,0.21469421294514643,0.17107798779787162,0.25844242806625206,0.00019998000199980003,9.618858882702886e-21,160,34,0.00019998000199980003
2026-08-22T14:47:16.347812+00:00,e85c645134dafe5024515cf86aa8b00f0ed7e8e9,8,configs/s5_analysis_bn.yaml,3.12.13,Linux-6.12.90+-x86_64-with-glibc2.35,external_role_self_critique,zero_shot,540,0.1804100531578411,0.13810667332231308,0.22308600865409245,0.00019998000199980003,9.509449937539152e-16,146,39,0.00019998000199980003
2026-08-22T14:47:16.347812+00:00,e85c645134dafe5024515cf86aa8b00f0ed7e8e9,8,configs/s5_analysis_bn.yaml,3.12.13,Linux-6.12.90+-x86_64-with-glibc2.35,gemma4_26b_a4b_judge_loop,zero_shot,540,0.17145721066675046,0.12817032746965762,0.2149385130057288,0.00019998000199980003,1.6571667037329934e-13,147,46,0.00019998000199980003
2026-08-22T14:47:16.347812+00:00,e85c645134dafe5024515cf86aa8b00f0ed7e8e9,8,configs/s5_analysis_bn.yaml,3.12.13,Linux-6.12.90+-x86_64-with-glibc2.35,blind_resampling,zero_shot,540,0.2086780094185855,0.16640988314694982,0.2509808432635986,0.00019998000199980003,6.905099214099496e-20,154,33,0.00019998000199980003
